{"#",17109bd5-185a-4c0d-882b-5caa61400c01,160:851c001517d39cec11e66ea5e099af2a}|SHIKOO||0
{"#",17109bd5-185a-4c0d-882b-5caa61400c01,160:9298001517d39cec11e620ef84799754}|Glint||1
{"#",17109bd5-185a-4c0d-882b-5caa61400c01,160:9298001517d39cec11e620f1b004a86c}|Заубер||0
{"#",17109bd5-185a-4c0d-882b-5caa61400c01,160:9298001517d39cec11e620f1c3092a46}|Морж||0
{"#",17109bd5-185a-4c0d-882b-5caa61400c01,160:9298001517d39cec11e623ddebe7d504}|Sib Trol||0
{"#",17109bd5-185a-4c0d-882b-5caa61400c01,160:9298001517d39cec11e6240497661e60}|Гостовський||0
{"#",17109bd5-185a-4c0d-882b-5caa61400c01,160:9298001517d39cec11e62404c6160ac3}|Nordica||0
{"#",17109bd5-185a-4c0d-882b-5caa61400c01,160:9298001517d39cec11e62404fd41f56b}|ZUBR||0
{"#",17109bd5-185a-4c0d-882b-5caa61400c01,160:9298001517d39cec11e624065a18058a}|БЦМ  Беларусь||0
{"#",17109bd5-185a-4c0d-882b-5caa61400c01,160:9298001517d39cec11e6240c1e0b66d0}|Walline||0
{"#",17109bd5-185a-4c0d-882b-5caa61400c01,160:9298001517d39cec11e6240c7a734b04}|Вінниця||0
{"#",17109bd5-185a-4c0d-882b-5caa61400c01,160:9298001517d39cec11e6240dc7495328}|БелЗАН||0
{"#",17109bd5-185a-4c0d-882b-5caa61400c01,160:9298001517d39cec11e6263a5199f342}|MCH auto group||0
{"#",17109bd5-185a-4c0d-882b-5caa61400c01,160:9298001517d39cec11e6263f004759d1}|ППРЗ||0
{"#",17109bd5-185a-4c0d-882b-5caa61400c01,160:9298001517d39cec11e627d80664eab8}|ДТК Днепр||0
{"#",17109bd5-185a-4c0d-882b-5caa61400c01,160:9298001517d39cec11e627d82f2d4436}|Харьков||0
{"#",17109bd5-185a-4c0d-882b-5caa61400c01,160:9298001517d39cec11e627d900043fa7}|Белебей крепеж||0
{"#",17109bd5-185a-4c0d-882b-5caa61400c01,160:9298001517d39cec11e627da5dd96b64}|МТ||0
{"#",17109bd5-185a-4c0d-882b-5caa61400c01,160:9298001517d39cec11e627e757399920}|КААЗ||0
{"#",17109bd5-185a-4c0d-882b-5caa61400c01,160:9298001517d39cec11e627e7ecef627e}|Львів||0
{"#",17109bd5-185a-4c0d-882b-5caa61400c01,160:9298001517d39cec11e627f1a494de00}|Fuerde||0
{"#",17109bd5-185a-4c0d-882b-5caa61400c01,160:9298001517d39cec11e627f3e31ae78a}|RPI||0
{"#",17109bd5-185a-4c0d-882b-5caa61400c01,160:9298001517d39cec11e6288d1c59e232}|ZASET||0
{"#",17109bd5-185a-4c0d-882b-5caa61400c01,160:9298001517d39cec11e6288f7bc9a228}|TakPart||0
{"#",17109bd5-185a-4c0d-882b-5caa61400c01,160:9298001517d39cec11e6288fe3f4c063}|Daewoo||0
{"#",17109bd5-185a-4c0d-882b-5caa61400c01,160:9298001517d39cec11e6289022881888}|KoreaStar||0
{"#",17109bd5-185a-4c0d-882b-5caa61400c01,160:9298001517d39cec11e62890595bcc2f}|Unix||0
{"#",17109bd5-185a-4c0d-882b-5caa61400c01,160:9298001517d39cec11e62890a9fe1404}|Genine||0
{"#",17109bd5-185a-4c0d-882b-5caa61400c01,160:9298001517d39cec11e62896d896c506}|ВАЗ||0
{"#",17109bd5-185a-4c0d-882b-5caa61400c01,160:9298001517d39cec11e64d791fc1a107}|ДААЗ||0
{"#",17109bd5-185a-4c0d-882b-5caa61400c01,160:92f7001517d39cec11e7059bf2803e12}|CONTITECH|31|0
{"#",17109bd5-185a-4c0d-882b-5caa61400c01,160:92f7001517d39cec11e709816478f2ee}|IPD|262|0
{"#",17109bd5-185a-4c0d-882b-5caa61400c01,160:92f7001517d39cec11e709816478f2f3}|IMPERGOM||0
{"#",17109bd5-185a-4c0d-882b-5caa61400c01,160:92f7001517d39cec11e70a52f11d2b8a}|DEPO||0
{"#",17109bd5-185a-4c0d-882b-5caa61400c01,160:92f7001517d39cec11e70a52f11d2b8d}|LINEX||0
{"#",17109bd5-185a-4c0d-882b-5caa61400c01,160:92f7001517d39cec11e70a5a3476539a}|FILTRON|256|0
{"#",17109bd5-185a-4c0d-882b-5caa61400c01,160:92f7001517d39cec11e710799d61f2bf}|VAICO|162|0
{"#",17109bd5-185a-4c0d-882b-5caa61400c01,160:92f7001517d39cec11e7146aa992586b}|NGK|15|0
{"#",17109bd5-185a-4c0d-882b-5caa61400c01,160:92f7001517d39cec11e715ec3b23b333}|FAE|240|0
{"#",17109bd5-185a-4c0d-882b-5caa61400c01,160:92f7001517d39cec11e719f85f5d3aff}|CTR|4553|0
{"#",17109bd5-185a-4c0d-882b-5caa61400c01,160:92f7001517d39cec11e71f51d47acb5f}|DELPHI|89|0
{"#",17109bd5-185a-4c0d-882b-5caa61400c01,160:92f7001517d39cec11e724e7ecfd76b3}|SPIDAN|1|0
{"#",17109bd5-185a-4c0d-882b-5caa61400c01,160:92f7001517d39cec11e7266885bb3102}|BREMBO|65|0
{"#",17109bd5-185a-4c0d-882b-5caa61400c01,160:92f7001517d39cec11e7269accfdb4cd}|Hyundai-Kia||0
{"#",17109bd5-185a-4c0d-882b-5caa61400c01,160:92f7001517d39cec11e728baa0686034}|Lauber||0
{"#",17109bd5-185a-4c0d-882b-5caa61400c01,160:9c80001517d39cec11e4d9056a21f352}|Таврия||0
{"#",17109bd5-185a-4c0d-882b-5caa61400c01,160:9c80001517d39cec11e51335e5706b14}|Промбизнес||0
{"#",17109bd5-185a-4c0d-882b-5caa61400c01,160:9c80001517d39cec11e567649b92d530}|6%||0
{"#",17109bd5-185a-4c0d-882b-5caa61400c01,160:9c80001517d39cec11e5676784a1b230}|2,5%||0
{"#",17109bd5-185a-4c0d-882b-5caa61400c01,160:9cb8001517d39cec11e7cec0d44e8d91}|Dragon||0
{"#",17109bd5-185a-4c0d-882b-5caa61400c01,160:9cb8001517d39cec11e7cec6e322c966}|S-OIL||0
{"#",17109bd5-185a-4c0d-882b-5caa61400c01,160:9cb8001517d39cec11e7d05c34be17b2}|M-Filter|462|0
{"#",17109bd5-185a-4c0d-882b-5caa61400c01,160:9cb8001517d39cec11e7d44b45e1e0db}|Klokkerholm|78|0
{"#",17109bd5-185a-4c0d-882b-5caa61400c01,160:9cb8001517d39cec11e7de797779fa82}|DAYCO|42|0
{"#",17109bd5-185a-4c0d-882b-5caa61400c01,160:a0ef001517d39cec11e7ae51c99f121e}|YAMATO|4468|0
{"#",17109bd5-185a-4c0d-882b-5caa61400c01,160:a0ef001517d39cec11e7aff6f6baeab4}|BEHR|52|0
{"#",17109bd5-185a-4c0d-882b-5caa61400c01,160:a79d001517d39cec11e7fb901e7e2d5c}|CARGOPARTS|4695|0
{"#",17109bd5-185a-4c0d-882b-5caa61400c01,160:a79d001517d39cec11e80a46eb577fee}|Электро Ком||0
{"#",17109bd5-185a-4c0d-882b-5caa61400c01,160:a79d001517d39cec11e80a65cdb62f77}|FULMEN|241|0
{"#",17109bd5-185a-4c0d-882b-5caa61400c01,160:a79d001517d39cec11e812f1bf37eab3}|ATE|3|0
{"#",17109bd5-185a-4c0d-882b-5caa61400c01,160:aa8e0025909438d711e8367a210da361}|REZAW-PLAST||0
{"#",17109bd5-185a-4c0d-882b-5caa61400c01,160:aa8f0025909438d711e8536c5f28b1af}|CRC||0
{"#",17109bd5-185a-4c0d-882b-5caa61400c01,160:aa8f0025909438d711e8543a8c926555}|TOTAL||0
{"#",17109bd5-185a-4c0d-882b-5caa61400c01,160:aa8f0025909438d711e8551db6722223}|Nanoprotec||0
{"#",17109bd5-185a-4c0d-882b-5caa61400c01,160:aa8f0025909438d711e85aa4973c08ac}|Уценка||0
{"#",17109bd5-185a-4c0d-882b-5caa61400c01,160:aa8f0025909438d711e8680c688da069}|FERODO|62|0
{"#",17109bd5-185a-4c0d-882b-5caa61400c01,160:aa8f0025909438d711e87546adfd254f}|MAMMOOTH_Q||0
{"#",17109bd5-185a-4c0d-882b-5caa61400c01,160:aa8f0025909438d711e885dfbca1fd87}|QUICK_BRAKE||0
{"#",17109bd5-185a-4c0d-882b-5caa61400c01,160:aa8f0025909438d711e88a837d5e7dfc}|SONAX|4457|0
{"#",17109bd5-185a-4c0d-882b-5caa61400c01,160:aa8f0025909438d711e88a83836ba2db}|STATIM|433|0
{"#",17109bd5-185a-4c0d-882b-5caa61400c01,160:aa8f0025909438d711e88f6256656202}|MOTUL|436|0
{"#",17109bd5-185a-4c0d-882b-5caa61400c01,160:aa900025909438d711e8a9d5ed73b72d}|Navis||1
{"#",17109bd5-185a-4c0d-882b-5caa61400c01,160:aa900025909438d711e8a9d6527b9a45}|DETOR||0
{"#",17109bd5-185a-4c0d-882b-5caa61400c01,160:aa900025909438d711e8a9f67a2e3704}|Emotion Labs||0
{"#",17109bd5-185a-4c0d-882b-5caa61400c01,160:aa930025909438d611e8cc8c7d3473c6}|Autlog|4737|0
{"#",17109bd5-185a-4c0d-882b-5caa61400c01,160:aa930025909438d611e8d61e4546851a}|Citroen-Peugeot||0
{"#",17109bd5-185a-4c0d-882b-5caa61400c01,160:aa930025909438d611e8d91b1db1f952}|bcguma||0
{"#",17109bd5-185a-4c0d-882b-5caa61400c01,160:aa930025909438d611e8e64d484fc255}|Zilbermann||0
{"#",17109bd5-185a-4c0d-882b-5caa61400c01,160:aa930025909438d611e8ed68678e9ab2}|Пінгвін||0
{"#",17109bd5-185a-4c0d-882b-5caa61400c01,160:aa930025909438d611e8ee58a97a6ea4}|BLITZ LINE||0
{"#",17109bd5-185a-4c0d-882b-5caa61400c01,160:aa930025909438d611e8ee58e9ff6ce0}|SOLITE R||0
{"#",17109bd5-185a-4c0d-882b-5caa61400c01,160:aa930025909438d611e8ee59f7d378e3}|STARTER EX||0
{"#",17109bd5-185a-4c0d-882b-5caa61400c01,160:aa930025909438d611e8ee5a0341195b}|EUROSTART||0
{"#",17109bd5-185a-4c0d-882b-5caa61400c01,160:aa930025909438d611e8ee5a37c651ad}|MERCURY||0
{"#",17109bd5-185a-4c0d-882b-5caa61400c01,160:aa930025909438d611e8ee5a4c0e99c5}|NordWay||0
{"#",17109bd5-185a-4c0d-882b-5caa61400c01,160:aa930025909438d611e8ee5a73a0ac50}|Starex||0
{"#",17109bd5-185a-4c0d-882b-5caa61400c01,160:aa930025909438d611e8ee5a86e8347b}|Alpine||0
{"#",17109bd5-185a-4c0d-882b-5caa61400c01,160:aa930025909438d611e8ee5a9cdf72a3}|Felix||0
{"#",17109bd5-185a-4c0d-882b-5caa61400c01,160:aa930025909438d611e8ee5aac6a018c}|SIBIRIA||0
{"#",17109bd5-185a-4c0d-882b-5caa61400c01,160:aa930025909438d611e8ee5b7da2492a}|Аляска||0
{"#",17109bd5-185a-4c0d-882b-5caa61400c01,160:aa930025909438d611e8ee5b88d8d437}|Wolver||0
{"#",17109bd5-185a-4c0d-882b-5caa61400c01,160:aa930025909438d611e8ee5b99b9d62a}|Yuko||0
{"#",17109bd5-185a-4c0d-882b-5caa61400c01,160:aa930025909438d611e8ee5bb67e85b7}|Дзержинский||0
{"#",17109bd5-185a-4c0d-882b-5caa61400c01,160:aa930025909438d611e8ee5bbf2abb82}|Abro||0
{"#",17109bd5-185a-4c0d-882b-5caa61400c01,160:aa930025909438d611e8ee5bcac40afd}|New Formula||0
{"#",17109bd5-185a-4c0d-882b-5caa61400c01,160:aa930025909438d611e8ee5bcac40afe}|АИДА||0
{"#",17109bd5-185a-4c0d-882b-5caa61400c01,160:aa930025909438d611e8ee5bd2ecd25c}|Auto Profi||0
{"#",17109bd5-185a-4c0d-882b-5caa61400c01,160:aa930025909438d611e8ee5bdadced82}|Deca||0
{"#",17109bd5-185a-4c0d-882b-5caa61400c01,160:aa930025909438d611e8ee5bdadced85}|Pro User||0
{"#",17109bd5-185a-4c0d-882b-5caa61400c01,160:aa930025909438d611e8ee5be19ea0c9}|Telwin||0
{"#",17109bd5-185a-4c0d-882b-5caa61400c01,160:aa930025909438d611e8ee5bea116562}|Neste||0
{"#",17109bd5-185a-4c0d-882b-5caa61400c01,160:aa930025909438d611e8ee5bf99a187b}|Oil Formula||0
{"#",17109bd5-185a-4c0d-882b-5caa61400c01,160:aa930025909438d611e8ee5c06fe590d}|SIBOIL||0
{"#",17109bd5-185a-4c0d-882b-5caa61400c01,160:aa930025909438d611e8ee5c112ac6f9}|GM||0
{"#",17109bd5-185a-4c0d-882b-5caa61400c01,160:aa930025909438d611e8ee5c1b043884}|ТНК||0
{"#",17109bd5-185a-4c0d-882b-5caa61400c01,160:aa930025909438d611e8ee5c2801e005}|Turtle Wax||0
{"#",17109bd5-185a-4c0d-882b-5caa61400c01,160:aa930025909438d611e8ee5c3191bb86}|Тайфун||0
{"#",17109bd5-185a-4c0d-882b-5caa61400c01,160:aa930025909438d611e8ee5c39ea3872}|SINTEC||0
{"#",17109bd5-185a-4c0d-882b-5caa61400c01,160:aa930025909438d611e8ee5c456998f6}|Synoptic||0
{"#",17109bd5-185a-4c0d-882b-5caa61400c01,160:aa930025909438d611e8ee5c4b738f7e}|ВАМП||0
{"#",17109bd5-185a-4c0d-882b-5caa61400c01,160:aa930025909438d611e8ee5c5193ace8}|Тайга||0
{"#",17109bd5-185a-4c0d-882b-5caa61400c01,160:aa930025909438d611e8f3ce0775c90f}|Zollex||0
{"#",17109bd5-185a-4c0d-882b-5caa61400c01,160:aa930025909438d611e8ff78e6e6e1ff}|MaxGear|403|0
{"#",17109bd5-185a-4c0d-882b-5caa61400c01,160:aa930025909438d611e91a4051646448}|Дзержинск||0
{"#",17109bd5-185a-4c0d-882b-5caa61400c01,160:aa930025909438d611e929f2b90e66ed}|WD-40||0
{"#",17109bd5-185a-4c0d-882b-5caa61400c01,160:aa930025909438d611e929f2c346488c}|Varta|26|0
{"#",17109bd5-185a-4c0d-882b-5caa61400c01,160:aa930025909438d611e929f2d336c1c0}|Pulsar||0
{"#",17109bd5-185a-4c0d-882b-5caa61400c01,160:aa930025909438d611e929f2dc33f587}|PERION||0
{"#",17109bd5-185a-4c0d-882b-5caa61400c01,160:aa930025909438d611e929f2dc33f589}|Lion||0
{"#",17109bd5-185a-4c0d-882b-5caa61400c01,160:aa930025909438d611e929f2e659e5d5}|Jenox||0
{"#",17109bd5-185a-4c0d-882b-5caa61400c01,160:aa930025909438d611e929f2eee7b900}|GREEN POWER||0
{"#",17109bd5-185a-4c0d-882b-5caa61400c01,160:aa930025909438d611e929f2f742968a}|Forse Ista||0
{"#",17109bd5-185a-4c0d-882b-5caa61400c01,160:aa930025909438d611e929f302402003}|ENERGIA||0
{"#",17109bd5-185a-4c0d-882b-5caa61400c01,160:aa930025909438d611e929f302402005}|DecoBlik||0
{"#",17109bd5-185a-4c0d-882b-5caa61400c01,160:aa930025909438d611e929f30de80276}|BOSCH|30|0
{"#",17109bd5-185a-4c0d-882b-5caa61400c01,160:aa930025909438d611e929f314f437a5}|BlackMax||0
{"#",17109bd5-185a-4c0d-882b-5caa61400c01,160:aa930025909438d611e929f314f437a7}|BERGA|143|0
{"#",17109bd5-185a-4c0d-882b-5caa61400c01,160:aa930025909438d611e92b94f5829e52}|LUX||0
{"#",17109bd5-185a-4c0d-882b-5caa61400c01,160:aa930025909438d611e92deddad00ca2}|Запорожавтобытхим||0
{"#",17109bd5-185a-4c0d-882b-5caa61400c01,160:aa930025909438d611e92dfe804f32d2}|F1||0
{"#",17109bd5-185a-4c0d-882b-5caa61400c01,160:aa930025909438d611e92dfe8ce2cc06}|АРКТИКА||0
{"#",17109bd5-185a-4c0d-882b-5caa61400c01,160:aa930025909438d611e955dff9a91de9}|Нова Формула||0
{"#",17109bd5-185a-4c0d-882b-5caa61400c01,160:aa930025909438d611e955e07581d4e0}|TURBO PULS||0
{"#",17109bd5-185a-4c0d-882b-5caa61400c01,160:aa930025909438d611e955e3d25dfe9c}|Yukoil||0
{"#",17109bd5-185a-4c0d-882b-5caa61400c01,160:aa930025909438d611e95b5e6c09f9b4}|1,7%||0
{"#",17109bd5-185a-4c0d-882b-5caa61400c01,160:aa930025909438d611e98698e4fbfea6}|SWAG|151|0
{"#",17109bd5-185a-4c0d-882b-5caa61400c01,160:aa930025909438d611e9941436734c07}|5%||0
{"#",17109bd5-185a-4c0d-882b-5caa61400c01,160:aa960025909438d711e9d48ad92f0776}|TRW|161|0
{"#",17109bd5-185a-4c0d-882b-5caa61400c01,160:aa970025909438d711e9deba7669b3a7}|CAVO||0
{"#",17109bd5-185a-4c0d-882b-5caa61400c01,160:aa970025909438d711e9ea718b7b65ba}|АвтоХарьков||0
{"#",17109bd5-185a-4c0d-882b-5caa61400c01,160:aa970025909438d711e9f97a77ebf172}|WIX|324|0
{"#",17109bd5-185a-4c0d-882b-5caa61400c01,160:aa970025909438d711e9f97a77ebf175}|PMC||0
{"#",17109bd5-185a-4c0d-882b-5caa61400c01,160:aa970025909438d711ea06b1ea005999}|5,5 %||0
{"#",17109bd5-185a-4c0d-882b-5caa61400c01,160:aa970025909438d711ea17338b114eed}|AGK||0
{"#",17109bd5-185a-4c0d-882b-5caa61400c01,160:aa970025909438d711ea36cf79742925}|АРОКИ||0
{"#",17109bd5-185a-4c0d-882b-5caa61400c01,160:aa970025909438d711ea3776e11ee9f8}|DENCKERMANN|186|0
{"#",17109bd5-185a-4c0d-882b-5caa61400c01,160:aa980025909438d611ea5edeccd8ba7f}|Техавто||0
{"#",17109bd5-185a-4c0d-882b-5caa61400c01,160:aa990025909438d611eab175f6c3d9d0}|Tungsram||0
{"#",17109bd5-185a-4c0d-882b-5caa61400c01,160:aa990025909438d611eab18e2fd945b6}|МАЯК||0
{"#",17109bd5-185a-4c0d-882b-5caa61400c01,160:aa990025909438d611eabc6c5d6910d2}|GATES|33|0
{"#",17109bd5-185a-4c0d-882b-5caa61400c01,160:aa990025909438d611eabc6cd249209e}|ZIMMERMANN|86|0
{"#",17109bd5-185a-4c0d-882b-5caa61400c01,160:aa990025909438d611eabc6ef8d7e793}|CONTINENTAL|4434|0
{"#",17109bd5-185a-4c0d-882b-5caa61400c01,160:aa990025909438d611eabc7320899441}|FEBI BILSTEIN|101|0
{"#",17109bd5-185a-4c0d-882b-5caa61400c01,160:aa990025909438d611eabc7348fab210}|BERU|11|0
{"#",17109bd5-185a-4c0d-882b-5caa61400c01,160:aa990025909438d611eabc7399d906ed}|BOGE|14|0
{"#",17109bd5-185a-4c0d-882b-5caa61400c01,160:aa990025909438d611eabc73f4dc91cd}|MASTER-SPORT|358|0
{"#",17109bd5-185a-4c0d-882b-5caa61400c01,160:aa990025909438d611eabc744a2bbe04}|LUCAS FILTERS|4973|0
{"#",17109bd5-185a-4c0d-882b-5caa61400c01,160:aa990025909438d611eabd015ca4d1ba}|LYNXauto|4600|0
{"#",17109bd5-185a-4c0d-882b-5caa61400c01,160:aa990025909438d611eabd052a87d2a7}|LUK|6|0
{"#",17109bd5-185a-4c0d-882b-5caa61400c01,160:aa990025909438d611eabd0541e02415}|INA|204|0
{"#",17109bd5-185a-4c0d-882b-5caa61400c01,160:aa990025909438d611eabd1b44fa7ada}|PIERBURG|5|0
{"#",17109bd5-185a-4c0d-882b-5caa61400c01,160:aa990025909438d611eabd1b860a7ace}|KONI|18|0
{"#",17109bd5-185a-4c0d-882b-5caa61400c01,160:aa990025909438d611eabd1b95bc0ca7}|SWF|19|0
{"#",17109bd5-185a-4c0d-882b-5caa61400c01,160:aa990025909438d611eabd1baf88f759}|TEXTAR|39|0
{"#",17109bd5-185a-4c0d-882b-5caa61400c01,160:aa990025909438d611eabd1ca87164da}|MONROE|37|0
{"#",17109bd5-185a-4c0d-882b-5caa61400c01,160:aa990025909438d611eabd1db26eacd6}|AL-KO|96|0
{"#",17109bd5-185a-4c0d-882b-5caa61400c01,160:aa990025909438d611eabd1e2a41aee0}|METELLI|121|0
{"#",17109bd5-185a-4c0d-882b-5caa61400c01,160:aa990025909438d611eabd1e3da238c3}|DOLZ|154|0
{"#",17109bd5-185a-4c0d-882b-5caa61400c01,160:aa990025909438d611eabd24fdb90d88}|TRW Engine Component|347|0
{"#",17109bd5-185a-4c0d-882b-5caa61400c01,160:aa990025909438d611eabd253329c1b5}|MAPCO|133|0
{"#",17109bd5-185a-4c0d-882b-5caa61400c01,160:aa990025909438d611eabd26347d8edd}|NK|127|0
{"#",17109bd5-185a-4c0d-882b-5caa61400c01,160:aa990025909438d611eabd2646fd3b9f}|MEYLE|144|0
{"#",17109bd5-185a-4c0d-882b-5caa61400c01,160:aa990025909438d611eabd265b4a289e}|GABRIEL|71|0
{"#",17109bd5-185a-4c0d-882b-5caa61400c01,160:aa990025909438d611eabd2692cdc9ca}|FAST|4938|0
{"#",17109bd5-185a-4c0d-882b-5caa61400c01,160:aa990025909438d611eabd26a7fc0c58}|RECORD FRANCE|273|0
{"#",17109bd5-185a-4c0d-882b-5caa61400c01,160:aa990025909438d611eabf559c13a58c}|PAGID|12|0
{"#",17109bd5-185a-4c0d-882b-5caa61400c01,160:aa990025909438d611eabf55cf621eb0}|WABCO|22|0
{"#",17109bd5-185a-4c0d-882b-5caa61400c01,160:aa990025909438d611eabf56013148fc}|SIDAT|27|0
{"#",17109bd5-185a-4c0d-882b-5caa61400c01,160:aa990025909438d611eabf561346f458}|ERNST|29|0
{"#",17109bd5-185a-4c0d-882b-5caa61400c01,160:aa990025909438d611eabf562c0fe793}|PURFLUX|38|0
{"#",17109bd5-185a-4c0d-882b-5caa61400c01,160:aa990025909438d611eabf56596b222b}|BREMI|47|0
{"#",17109bd5-185a-4c0d-882b-5caa61400c01,160:aa990025909438d611eabf56679360bd}|BENDIX|49|0
{"#",17109bd5-185a-4c0d-882b-5caa61400c01,160:aa990025909438d611eabf569a2157fa}|FTE|54|0
{"#",17109bd5-185a-4c0d-882b-5caa61400c01,160:aa990025909438d611eabf56b9321ae7}|FRAM|59|0
{"#",17109bd5-185a-4c0d-882b-5caa61400c01,160:aa990025909438d611eabf56c3615bff}|OSRAM|67|0
{"#",17109bd5-185a-4c0d-882b-5caa61400c01,160:aa990025909438d611eabf56dc929344}|PHILIPS|75|0
{"#",17109bd5-185a-4c0d-882b-5caa61400c01,160:aa990025909438d611eabf570b446002}|WAHLER|79|0
{"#",17109bd5-185a-4c0d-882b-5caa61400c01,160:aa990025909438d611eabf5730e5726a}|METZGER|94|0
{"#",17109bd5-185a-4c0d-882b-5caa61400c01,160:aa990025909438d611eabf5739e64346}|WAECO|97|0
{"#",17109bd5-185a-4c0d-882b-5caa61400c01,160:aa990025909438d611eabf578bc21e8c}|ROADHOUSE|152|0
{"#",17109bd5-185a-4c0d-882b-5caa61400c01,160:aa990025909438d611eabf579cd9e29d}|JAPANPARTS|156|0
{"#",17109bd5-185a-4c0d-882b-5caa61400c01,160:aa990025909438d611eabf57b4a7dc45}|FACET|159|0
{"#",17109bd5-185a-4c0d-882b-5caa61400c01,160:aa990025909438d611eabf57d56506c8}|KAMOKA|185|0
{"#",17109bd5-185a-4c0d-882b-5caa61400c01,160:aa990025909438d611eabf58322bbc1d}|NIPPARTS|248|0
{"#",17109bd5-185a-4c0d-882b-5caa61400c01,160:aa990025909438d611eabf586754e4f1}|MAHLE|287|0
{"#",17109bd5-185a-4c0d-882b-5caa61400c01,160:aa990025909438d611eabf5894a3f6b9}|BRECO|289|0
{"#",17109bd5-185a-4c0d-882b-5caa61400c01,160:aa990025909438d611eabf58c007bcb2}|MALO|317|0
{"#",17109bd5-185a-4c0d-882b-5caa61400c01,160:aa990025909438d611eabf58dd99e823}|BLUE PRINT|350|0
{"#",17109bd5-185a-4c0d-882b-5caa61400c01,160:aa990025909438d611eabf59021b79d8}|TESLA|356|0
{"#",17109bd5-185a-4c0d-882b-5caa61400c01,160:aa990025909438d611eabf5921a51b7e}|HOFFER|341|0
{"#",17109bd5-185a-4c0d-882b-5caa61400c01,160:aa990025909438d611eabf5938a41ed0}|CAMPRO|372|0
{"#",17109bd5-185a-4c0d-882b-5caa61400c01,160:aa990025909438d611eabf5949a257aa}|ALKAR|362|0
{"#",17109bd5-185a-4c0d-882b-5caa61400c01,160:aa990025909438d611eabf5966a71276}|HITACHI|449|0
{"#",17109bd5-185a-4c0d-882b-5caa61400c01,160:aa990025909438d611eabf597bfb0f1d}|JAPKO|481|0
{"#",17109bd5-185a-4c0d-882b-5caa61400c01,160:aa990025909438d611eabf5990e757fd}|SHELL|4314|0
{"#",17109bd5-185a-4c0d-882b-5caa61400c01,160:aa990025909438d611eabf59bdd779f3}|Magnum Technology|4427|0
{"#",17109bd5-185a-4c0d-882b-5caa61400c01,160:aa990025909438d611eabf59fc0c597d}|WAGNER|4498|0
{"#",17109bd5-185a-4c0d-882b-5caa61400c01,160:aa990025909438d611eabf5a3fc919ca}|ASAM|4576|0
{"#",17109bd5-185a-4c0d-882b-5caa61400c01,160:aa990025909438d611eabf5a6f3894b6}|ROTINGER|4676|0
{"#",17109bd5-185a-4c0d-882b-5caa61400c01,160:aa990025909438d611eabf5a8daa9a20}|LUZAR|4707|0
{"#",17109bd5-185a-4c0d-882b-5caa61400c01,160:aa990025909438d611eabf5aa234a8f5}|LASO|4712|0
{"#",17109bd5-185a-4c0d-882b-5caa61400c01,160:aa990025909438d611eabf5ac28f0e76}|CTE|4880|0
{"#",17109bd5-185a-4c0d-882b-5caa61400c01,160:aa990025909438d611eabf5b14bf3645}|AES|4886|0
{"#",17109bd5-185a-4c0d-882b-5caa61400c01,160:aa990025909438d611eabf5b2f1dd72c}|MAXTECH|4899|0
{"#",17109bd5-185a-4c0d-882b-5caa61400c01,160:aa990025909438d611eabf5b576afaa4}|ABA|4924|0
{"#",17109bd5-185a-4c0d-882b-5caa61400c01,160:aa990025909438d611eabf5b7cabf62b}|AMD|4976|0
{"#",17109bd5-185a-4c0d-882b-5caa61400c01,160:aa990025909438d611eabf5b91a66cbd}|4u|4987|0
{"#",17109bd5-185a-4c0d-882b-5caa61400c01,160:aa990025909438d611eabf5bd0ecf440}|WOLF|188|0
{"#",17109bd5-185a-4c0d-882b-5caa61400c01,160:aa990025909438d611eabf5c02c70083}|SCT Germany|225|0
{"#",17109bd5-185a-4c0d-882b-5caa61400c01,160:aa990025909438d611eabf5cc9a50d7d}|ASHIKA|257|0
{"#",17109bd5-185a-4c0d-882b-5caa61400c01,160:aa990025909438d611eabf5cea73e4d3}|DURON|266|0
{"#",17109bd5-185a-4c0d-882b-5caa61400c01,160:aa990025909438d611eabf5d0314f54a}|BRECK|281|0
{"#",17109bd5-185a-4c0d-882b-5caa61400c01,160:aa990025909438d611eabf5d433abdc6}|TECNOCAR|91|0
{"#",17109bd5-185a-4c0d-882b-5caa61400c01,160:aa990025909438d611eabf5d614bd76c}|AE|141|0
{"#",17109bd5-185a-4c0d-882b-5caa61400c01,160:aa990025909438d611eabf5d74b1edf8}|REMSA|153|0
{"#",17109bd5-185a-4c0d-882b-5caa61400c01,160:aa990025909438d611eabf5da126a755}|NRF|205|0
{"#",17109bd5-185a-4c0d-882b-5caa61400c01,160:aa990025909438d611eabf5db16e3128}|CASTROL|207|0
{"#",17109bd5-185a-4c0d-882b-5caa61400c01,160:aa990025909438d611eabf5e124b6b81}|3RG|4598|0
{"#",17109bd5-185a-4c0d-882b-5caa61400c01,160:aa990025909438d611eabf5e28d2cbf6}|555|4010|0
{"#",17109bd5-185a-4c0d-882b-5caa61400c01,160:aa990025909438d611eabf5e432dc734}|A.B.S.|206|0
{"#",17109bd5-185a-4c0d-882b-5caa61400c01,160:aa990025909438d611eabf5e606fddfa}|ABEX|265|0
{"#",17109bd5-185a-4c0d-882b-5caa61400c01,160:aa990025909438d611eabf5e9cb98631}|ACEMARK|4533|0
{"#",17109bd5-185a-4c0d-882b-5caa61400c01,160:aa990025909438d611eabf5ebe6e6da5}|RAICAM|400|0
{"#",17109bd5-185a-4c0d-882b-5caa61400c01,160:aa990025909438d611eabf5ed70d3fc2}|AIRTEX|220|0
{"#",17109bd5-185a-4c0d-882b-5caa61400c01,160:aa990025909438d611eabf5f0f97a9ed}|ALANKO|479|0
{"#",17109bd5-185a-4c0d-882b-5caa61400c01,160:aa990025909438d611eabf5f3b4d068c}|AP|283|0
{"#",17109bd5-185a-4c0d-882b-5caa61400c01,160:aa990025909438d611eabf5f4db7cd6b}|APEC braking|4537|0
{"#",17109bd5-185a-4c0d-882b-5caa61400c01,160:aa990025909438d611eabf5f64a5f350}|AS METAL|4829|0
{"#",17109bd5-185a-4c0d-882b-5caa61400c01,160:aa990025909438d611eabf5f85a1a297}|ASHUKI|442|0
{"#",17109bd5-185a-4c0d-882b-5caa61400c01,160:aa990025909438d611eabf5fefa0a251}|ATL Autotechnik|412|0
{"#",17109bd5-185a-4c0d-882b-5caa61400c01,160:aa990025909438d611eabf6009e60750}|AUTOMEGA|323|0
{"#",17109bd5-185a-4c0d-882b-5caa61400c01,160:aa990025909438d611eabf6018ed5d9a}|AUTOMOTOR FRANCE|4337|0
{"#",17109bd5-185a-4c0d-882b-5caa61400c01,160:aa990025909438d611eabf604269ac71}|AYD|4845|0
{"#",17109bd5-185a-4c0d-882b-5caa61400c01,160:aa990025909438d611eabf609a993987}|AYWIPARTS|4943|0
{"#",17109bd5-185a-4c0d-882b-5caa61400c01,160:aa990025909438d611eabf60b38cbcf1}|BARUM|394|0
{"#",17109bd5-185a-4c0d-882b-5caa61400c01,160:aa990025909438d611eabf60d1f221c1}|BBR Automotive|4995|0
{"#",17109bd5-185a-4c0d-882b-5caa61400c01,160:aa990025909438d611eabf610d3c53c9}|BEHR-HELLA|105|0
{"#",17109bd5-185a-4c0d-882b-5caa61400c01,160:aa990025909438d611eabf6143de6b53}|BENDIX-AU|4825|0
{"#",17109bd5-185a-4c0d-882b-5caa61400c01,160:aa990025909438d611eabf6171e52131}|BIRTH|208|0
{"#",17109bd5-185a-4c0d-882b-5caa61400c01,160:aa990025909438d611eabf618f739e84}|BORG & BECK|475|0
{"#",17109bd5-185a-4c0d-882b-5caa61400c01,160:aa990025909438d611eabf61acd32980}|Borsehung|4815|0
{"#",17109bd5-185a-4c0d-882b-5caa61400c01,160:aa990025909438d611eabf61d1cc4a47}|BOSCH DIAGNOSTICS|377|0
{"#",17109bd5-185a-4c0d-882b-5caa61400c01,160:aa990025909438d611eabf62084595d7}|BSG|4455|0
{"#",17109bd5-185a-4c0d-882b-5caa61400c01,160:aa990025909438d611eabf622f75207d}|KING|4460|0
{"#",17109bd5-185a-4c0d-882b-5caa61400c01,160:aa990025909438d611eabf624c4318c0}|ERT|4512|0
{"#",17109bd5-185a-4c0d-882b-5caa61400c01,160:aa990025909438d611eabf62658fd03a}|BUGIAD|157|0
{"#",17109bd5-185a-4c0d-882b-5caa61400c01,160:aa990025909438d611eabf629eef4b7d}|CASCO|484|0
{"#",17109bd5-185a-4c0d-882b-5caa61400c01,160:aa990025909438d611eabf62b15e2eff}|CAUTEX|405|0
{"#",17109bd5-185a-4c0d-882b-5caa61400c01,160:aa990025909438d611eabf62dc4b95df}|CEVAM|393|0
{"#",17109bd5-185a-4c0d-882b-5caa61400c01,160:aa990025909438d611eabf63274eba3e}|CHAMPION LUBRICANTS|189|0
{"#",17109bd5-185a-4c0d-882b-5caa61400c01,160:aa990025909438d611eabf6354737442}|CIFAM|311|0
{"#",17109bd5-185a-4c0d-882b-5caa61400c01,160:aa990025909438d611eabf63a50f6f1a}|COMLINE|421|0
{"#",17109bd5-185a-4c0d-882b-5caa61400c01,160:aa990025909438d611eabf63cef16481}|CV PSH|28|0
{"#",17109bd5-185a-4c0d-882b-5caa61400c01,160:aa990025909438d611eabf63dbb4f5a9}|JURID|48|0
{"#",17109bd5-185a-4c0d-882b-5caa61400c01,160:aa990025909438d611eabf6410133d59}|DIEDERICHS|253|0
{"#",17109bd5-185a-4c0d-882b-5caa61400c01,160:aa990025909438d611eabf6427638334}|DIPASPORT|4882|0
{"#",17109bd5-185a-4c0d-882b-5caa61400c01,160:aa990025909438d611eabf6437bed98a}|DITAS|471|0
{"#",17109bd5-185a-4c0d-882b-5caa61400c01,160:aa990025909438d611eabf64468b688b}|MAPA|470|0
{"#",17109bd5-185a-4c0d-882b-5caa61400c01,160:aa990025909438d611eabf64decbaa94}|DJ PARTS|4519|0
{"#",17109bd5-185a-4c0d-882b-5caa61400c01,160:aa990025909438d611eabf64f64bb6e0}|AUGER|4495|0
{"#",17109bd5-185a-4c0d-882b-5caa61400c01,160:aa990025909438d611eabf6512cb5b64}|DRI|460|0
{"#",17109bd5-185a-4c0d-882b-5caa61400c01,160:aa990025909438d611eabf653e53bed3}|DSS|4942|0
{"#",17109bd5-185a-4c0d-882b-5caa61400c01,160:aa990025909438d611eabf655a75f2e9}|A.B.A|4997|0
{"#",17109bd5-185a-4c0d-882b-5caa61400c01,160:aa990025909438d611eabf65c1bed538}|ALLIGATOR|4911|0
{"#",17109bd5-185a-4c0d-882b-5caa61400c01,160:aa990025909438d611eabf65d8428282}|DT SPARE PARTS|355|0
{"#",17109bd5-185a-4c0d-882b-5caa61400c01,160:aa990025909438d611eabf65fc4ce1ae}|E.T.F.|309|0
{"#",17109bd5-185a-4c0d-882b-5caa61400c01,160:aa990025909438d611eabf6638a959ce}|EAI|391|0
{"#",17109bd5-185a-4c0d-882b-5caa61400c01,160:aa990025909438d611eabf666d3e9698}|SNRA|408|0
{"#",17109bd5-185a-4c0d-882b-5caa61400c01,160:aa990025909438d611eabf66854246f4}|ELSTOCK|226|0
{"#",17109bd5-185a-4c0d-882b-5caa61400c01,160:aa990025909438d611eabf66aeb29ff2}|EQUAL QUALITY|435|0
{"#",17109bd5-185a-4c0d-882b-5caa61400c01,160:aa990025909438d611eabf66ca1be7ec}|ERA|234|0
{"#",17109bd5-185a-4c0d-882b-5caa61400c01,160:aa990025909438d611eabf66de2a19e7}|ERA Benelux|224|0
{"#",17109bd5-185a-4c0d-882b-5caa61400c01,160:aa990025909438d611eabf66f2aaddae}|EUROBRAKE|4770|0
{"#",17109bd5-185a-4c0d-882b-5caa61400c01,160:aa990025909438d611eabf67088cd661}|EUROTEC|337|0
{"#",17109bd5-185a-4c0d-882b-5caa61400c01,160:aa990025909438d611eabf6721837bce}|FAI AutoParts|267|0
{"#",17109bd5-185a-4c0d-882b-5caa61400c01,160:aa990025909438d611eabf673132c3ca}|FARCOM|90|0
{"#",17109bd5-185a-4c0d-882b-5caa61400c01,160:aa990025909438d611eabf675554a51c}|FARE SA|4834|0
{"#",17109bd5-185a-4c0d-882b-5caa61400c01,160:aa990025909438d611eabf6793593d68}|FEBEST|4674|0
{"#",17109bd5-185a-4c0d-882b-5caa61400c01,160:aa990025909438d611eabf67c62106d1}|FERODO RACING|4986|0
{"#",17109bd5-185a-4c0d-882b-5caa61400c01,160:aa990025909438d611eabf67ed21486d}|FIRST LINE|407|0
{"#",17109bd5-185a-4c0d-882b-5caa61400c01,160:aa990025909438d611eabf67fc88bba3}|FLENNOR|236|0
{"#",17109bd5-185a-4c0d-882b-5caa61400c01,160:aa990025909438d611eabf682ccff524}|Forcetech|4867|0
{"#",17109bd5-185a-4c0d-882b-5caa61400c01,160:aa990025909438d611eabf687d1881db}|FORMPART|4727|0
{"#",17109bd5-185a-4c0d-882b-5caa61400c01,160:aa990025909438d611eabf68a0577a73}|FORTUNE LINE|4467|0
{"#",17109bd5-185a-4c0d-882b-5caa61400c01,160:aa990025909438d611eabf68cdf99f79}|FRAP|486|0
{"#",17109bd5-185a-4c0d-882b-5caa61400c01,160:aa990025909438d611eabf68f05394eb}|FRECCIA|235|0
{"#",17109bd5-185a-4c0d-882b-5caa61400c01,160:aa990025909438d611eabf6903a984c0}|FREMAX|409|0
{"#",17109bd5-185a-4c0d-882b-5caa61400c01,160:aa990025909438d611eabf692fa2d281}|fri.tech.|295|0
{"#",17109bd5-185a-4c0d-882b-5caa61400c01,160:aa990025909438d611eabf69441f8f15}|FRITECH|295|0
{"#",17109bd5-185a-4c0d-882b-5caa61400c01,160:aa990025909438d611eabf696082fe81}|G.U.D.|4844|0
{"#",17109bd5-185a-4c0d-882b-5caa61400c01,160:aa990025909438d611eabf6989e9390e}|GIRLING|279|0
{"#",17109bd5-185a-4c0d-882b-5caa61400c01,160:aa990025909438d611eabf69de26b528}|GOETZE|60|0
{"#",17109bd5-185a-4c0d-882b-5caa61400c01,160:aa990025909438d611eabf6a27368462}|GRAF|310|0
{"#",17109bd5-185a-4c0d-882b-5caa61400c01,160:aa990025909438d611eabf6a91c13270}|GSP|373|0
{"#",17109bd5-185a-4c0d-882b-5caa61400c01,160:aa990025909438d611eabf6ab5e51e29}|HC-PARTS|425|0
{"#",17109bd5-185a-4c0d-882b-5caa61400c01,160:aa990025909438d611eabf6b36e48e2c}|HERTH+BUSS ELPARTS|72|0
{"#",17109bd5-185a-4c0d-882b-5caa61400c01,160:aa990025909438d611eabf6b45d14965}|HERTH+BUSS JAKOPARTS|55|0
{"#",17109bd5-185a-4c0d-882b-5caa61400c01,160:aa990025909438d611eabf6b6f3c813f}|VICTOR REINZ|9|0
{"#",17109bd5-185a-4c0d-882b-5caa61400c01,160:aa990025909438d611eabf6b8a729939}|ULO|115|0
{"#",17109bd5-185a-4c0d-882b-5caa61400c01,160:aa990025909438d611eabf6b973ee698}|LRT|117|0
{"#",17109bd5-185a-4c0d-882b-5caa61400c01,160:aa990025909438d611eabf6baac7ac24}|HJS|118|0
{"#",17109bd5-185a-4c0d-882b-5caa61400c01,160:aa990025909438d611eabf6be7db7cd7}|HUTCHINSON|239|0
{"#",17109bd5-185a-4c0d-882b-5caa61400c01,160:aa990025909438d611eabf6c66be62a0}|JP GROUP|268|0
{"#",17109bd5-185a-4c0d-882b-5caa61400c01,160:aa990025909438d611eabf6c7fa62766}|ICER|158|0
{"#",17109bd5-185a-4c0d-882b-5caa61400c01,160:aa990025909438d611eabf6c9ed3a6c8}|IPS Parts|459|0
{"#",17109bd5-185a-4c0d-882b-5caa61400c01,160:aa990025909438d611eabf72e125bda0}|JANMOR|397|0
{"#",17109bd5-185a-4c0d-882b-5caa61400c01,160:aa990025909438d611eabf72ecefb62e}|SUPLEX|390|0
{"#",17109bd5-185a-4c0d-882b-5caa61400c01,160:aa990025909438d611eabf72f9a42031}|EUROL|398|0
{"#",17109bd5-185a-4c0d-882b-5caa61400c01,160:aa990025909438d611eabf73036b1c0b}|EXEDY|399|0
{"#",17109bd5-185a-4c0d-882b-5caa61400c01,160:aa990025909438d611eabf75badae6e4}|KAVO PARTS|201|0
{"#",17109bd5-185a-4c0d-882b-5caa61400c01,160:aa990025909438d611eabf75e0434f60}|KAWE|286|0
{"#",17109bd5-185a-4c0d-882b-5caa61400c01,160:aa990025909438d611eabf761856d1ec}|KEY PARTS|4879|0
{"#",17109bd5-185a-4c0d-882b-5caa61400c01,160:aa990025909438d611eabf762ed701db}|KILEN|176|0
{"#",17109bd5-185a-4c0d-882b-5caa61400c01,160:aa990025909438d611eabf76b426fa9a}|KLAXCAR FRANCE|387|0
{"#",17109bd5-185a-4c0d-882b-5caa61400c01,160:aa990025909438d611eabf7858fbc704}|KOLBENSCHMIDT|432|0
{"#",17109bd5-185a-4c0d-882b-5caa61400c01,160:aa990025909438d611eabf78b2734de8}|KRAFT AUTOMOTIVE|4546|0
{"#",17109bd5-185a-4c0d-882b-5caa61400c01,160:aa990025909438d611eabf790637abe5}|KWP|312|0
{"#",17109bd5-185a-4c0d-882b-5caa61400c01,160:aa990025909438d611eabf79c8a52bc4}|LTM|4731|0
{"#",17109bd5-185a-4c0d-882b-5caa61400c01,160:aa990025909438d611eabf79eb554932}|LUCAS ELECTRICAL|20|0
{"#",17109bd5-185a-4c0d-882b-5caa61400c01,160:aa990025909438d611eabf7a1e198f4d}|WESTFALIA|51|0
{"#",17109bd5-185a-4c0d-882b-5caa61400c01,160:aa990025909438d611eabf7a9292fc09}|MAXTRAC|4764|0
{"#",17109bd5-185a-4c0d-882b-5caa61400c01,160:aa990025909438d611eabf7aa3196f8e}|MAYSAN MANDO|4570|0
{"#",17109bd5-185a-4c0d-882b-5caa61400c01,160:aa990025909438d611eabf7aba6721ff}|MDR|4773|0
{"#",17109bd5-185a-4c0d-882b-5caa61400c01,160:aa990025909438d611eabf7ad417ec9f}|METALCAUCHO|4664|0
{"#",17109bd5-185a-4c0d-882b-5caa61400c01,160:aa990025909438d611eabf7aeddef38a}|MGA|249|0
{"#",17109bd5-185a-4c0d-882b-5caa61400c01,160:aa990025909438d611eabf7b0a055b93}|MINTEX|73|0
{"#",17109bd5-185a-4c0d-882b-5caa61400c01,160:aa990025909438d611eabf7b8e3a5b64}|MISFAT|4470|0
{"#",17109bd5-185a-4c0d-882b-5caa61400c01,160:aa990025909438d611eabf7be6f8cfdb}|MOOG|134|0
{"#",17109bd5-185a-4c0d-882b-5caa61400c01,160:aa990025909438d611eabf7c05db9af8}|MOTAQUIP|4564|0
{"#",17109bd5-185a-4c0d-882b-5caa61400c01,160:aa990025909438d611eabf7c1610ea8f}|MOTORAD|388|0
{"#",17109bd5-185a-4c0d-882b-5caa61400c01,160:aa990025909438d611eabf7c35c7764e}|NECTO|242|0
{"#",17109bd5-185a-4c0d-882b-5caa61400c01,160:aa990025909438d611eabf7c662ba8c4}|OCAP|198|0
{"#",17109bd5-185a-4c0d-882b-5caa61400c01,160:aa990025909438d611eabf7c7f9c34a2}|OPEN PARTS|378|0
{"#",17109bd5-185a-4c0d-882b-5caa61400c01,160:aa990025909438d611eabf7c936235c7}|OPTIBELT|64|0
{"#",17109bd5-185a-4c0d-882b-5caa61400c01,160:aa990025909438d611eabf7ca448c4ea}|OPTIMAL|129|0
{"#",17109bd5-185a-4c0d-882b-5caa61400c01,160:aa990025909438d611eabf7cbb8e6314}|ORIGINAL IMPERIUM|331|0
{"#",17109bd5-185a-4c0d-882b-5caa61400c01,160:aa990025909438d611eabf7ce19b3101}|OSSCA|4683|0
{"#",17109bd5-185a-4c0d-882b-5caa61400c01,160:aa990025909438d611eabf7cef7f976c}|PROFIT|4686|0
{"#",17109bd5-185a-4c0d-882b-5caa61400c01,160:aa990025909438d611eabf7d09bd7e8b}|PARTS-MALL|4703|0
{"#",17109bd5-185a-4c0d-882b-5caa61400c01,160:aa990025909438d611eabf7d32db5fec}|PATRON|4558|0
{"#",17109bd5-185a-4c0d-882b-5caa61400c01,160:aa990025909438d611eabf7d45bc8882}|PEMEBLA|4652|0
{"#",17109bd5-185a-4c0d-882b-5caa61400c01,160:aa990025909438d611eabf8577f9ff44}|PILENGA|291|0
{"#",17109bd5-185a-4c0d-882b-5caa61400c01,160:aa990025909438d611eabf8677232a34}|PowerMax|4543|0
{"#",17109bd5-185a-4c0d-882b-5caa61400c01,160:aa990025909438d611eabf8681e20dbd}|SAKURA|4547|0
{"#",17109bd5-185a-4c0d-882b-5caa61400c01,160:aa990025909438d611eabf86a6a6081e}|PRESTOLITE ELECTRIC|396|0
{"#",17109bd5-185a-4c0d-882b-5caa61400c01,160:aa990025909438d611eabf86c50d3875}|PROTECHNIC|4520|0
{"#",17109bd5-185a-4c0d-882b-5caa61400c01,160:aa990025909438d611eabf86f1cf2a1d}|QUATTRO FRENI|4339|0
{"#",17109bd5-185a-4c0d-882b-5caa61400c01,160:aa990025909438d611eabf8705785eeb}|QUINTON HAZELL|57|0
{"#",17109bd5-185a-4c0d-882b-5caa61400c01,160:aa990025909438d611eabf8718f9bde7}|RAMEDER|173|0
{"#",17109bd5-185a-4c0d-882b-5caa61400c01,160:aa990025909438d611eabf873992f6d4}|REMY|214|0
{"#",17109bd5-185a-4c0d-882b-5caa61400c01,160:aa990025909438d611eabf875d0e9fac}|RIW|4708|0
{"#",17109bd5-185a-4c0d-882b-5caa61400c01,160:aa990025909438d611eabf87744e7dfc}|PACOL|4696|0
{"#",17109bd5-185a-4c0d-882b-5caa61400c01,160:aa990025909438d611eabf87c0673cfa}|RTS|430|0
{"#",17109bd5-185a-4c0d-882b-5caa61400c01,160:aa990025909438d611eabf87d60822fd}|SACHS PERFORMANCE|294|0
{"#",17109bd5-185a-4c0d-882b-5caa61400c01,160:aa990025909438d611eabf87f657f55e}|SAMPA|4623|0
{"#",17109bd5-185a-4c0d-882b-5caa61400c01,160:aa990025909438d611eabf8807acac92}|SASIC|260|0
{"#",17109bd5-185a-4c0d-882b-5caa61400c01,160:aa990025909438d611eabf882ad3c615}|SBS|297|0
{"#",17109bd5-185a-4c0d-882b-5caa61400c01,160:aa990025909438d611eabf8834eb5bfd}|ASSO|298|0
{"#",17109bd5-185a-4c0d-882b-5caa61400c01,160:aa990025909438d611eabf8854c8e14e}|SIDEM|135|0
{"#",17109bd5-185a-4c0d-882b-5caa61400c01,160:aa990025909438d611eabf88a45434b2}|SpeedMate|4348|0
{"#",17109bd5-185a-4c0d-882b-5caa61400c01,160:aa990025909438d611eabf88bf62ed93}|STABILUS|126|0
{"#",17109bd5-185a-4c0d-882b-5caa61400c01,160:aa990025909438d611eabf8907d11f0b}|STARLINE|4675|0
{"#",17109bd5-185a-4c0d-882b-5caa61400c01,160:aa990025909438d611eabf89381763dc}|STC|4667|0
{"#",17109bd5-185a-4c0d-882b-5caa61400c01,160:aa990025909438d611eabf894942aa54}|STELLOX|4595|0
{"#",17109bd5-185a-4c0d-882b-5caa61400c01,160:aa990025909438d611eabf8987542edf}|TALOSA|4758|0
{"#",17109bd5-185a-4c0d-882b-5caa61400c01,160:aa990025909438d611eabf89d47bb284}|TEDGUM|4593|0
{"#",17109bd5-185a-4c0d-882b-5caa61400c01,160:aa990025909438d611eabf89ffc09911}|THERMOTEC|4466|0
{"#",17109bd5-185a-4c0d-882b-5caa61400c01,160:aa990025909438d611eabf8a2e13d37a}|TOPRAN|301|0
{"#",17109bd5-185a-4c0d-882b-5caa61400c01,160:aa990025909438d611eabf8a4c864547}|TORQUE|4896|0
{"#",17109bd5-185a-4c0d-882b-5caa61400c01,160:aa990025909438d611eabf8a6b24b8ee}|Trialli|4772|0
{"#",17109bd5-185a-4c0d-882b-5caa61400c01,160:aa990025909438d611eabf8a82ef7374}|TRISCAN|108|0
{"#",17109bd5-185a-4c0d-882b-5caa61400c01,160:aa990025909438d611eabf8a990011e5}|TRUCKTEC AUTOMOTIVE|209|0
{"#",17109bd5-185a-4c0d-882b-5caa61400c01,160:aa990025909438d611eabf8abeb19c46}|UNIFLUX FILTERS|364|0
{"#",17109bd5-185a-4c0d-882b-5caa61400c01,160:aa990025909438d611eabf8b00672b06}|UNIGOM|4730|0
{"#",17109bd5-185a-4c0d-882b-5caa61400c01,160:aa990025909438d611eabf8b44a9e287}|VEYANCE|179|0
{"#",17109bd5-185a-4c0d-882b-5caa61400c01,160:aa990025909438d611eabf8b755c267e}|WILMINK GROUP|4832|0
{"#",17109bd5-185a-4c0d-882b-5caa61400c01,160:aa990025909438d611eabf8b83c4c59a}|WOKING|366|0
{"#",17109bd5-185a-4c0d-882b-5caa61400c01,160:aa990025909438d611eabf8b9a15c660}|ZEKKERT|4894|0
{"#",17109bd5-185a-4c0d-882b-5caa61400c01,160:aa990025909438d611eabf8c1f279112}|EBERSPACHER|7|0
{"#",17109bd5-185a-4c0d-882b-5caa61400c01,160:aa990025909438d611eabf8c3192fea6}|VAN WEZEL|36|0
{"#",17109bd5-185a-4c0d-882b-5caa61400c01,160:aa990025909438d611eabf8e91c2e753}|BUGATTI|109|0
{"#",17109bd5-185a-4c0d-882b-5caa61400c01,160:aa990025909438d611eabf8e9add05b1}|EIBACH|112|0
{"#",17109bd5-185a-4c0d-882b-5caa61400c01,160:aa990025909438d611eabf8ec6c0f6e3}|LESJOFORS|175|0
{"#",17109bd5-185a-4c0d-882b-5caa61400c01,160:aa990025909438d611eabf8ee16081b7}|IPSA|238|0
{"#",17109bd5-185a-4c0d-882b-5caa61400c01,160:aa990025909438d611eabf8eef4412e4}|CAR|243|0
{"#",17109bd5-185a-4c0d-882b-5caa61400c01,160:aa990025909438d611eabf8fbff022eb}|ECS|255|0
{"#",17109bd5-185a-4c0d-882b-5caa61400c01,160:aa990025909438d611eabf8fcca1ecd0}|AMC|277|0
{"#",17109bd5-185a-4c0d-882b-5caa61400c01,160:aa990025909438d611eabf8ff809f5a8}|MICHELIN|315|0
{"#",17109bd5-185a-4c0d-882b-5caa61400c01,160:aa990025909438d611eabf901c68582e}|3K|328|0
{"#",17109bd5-185a-4c0d-882b-5caa61400c01,160:aa990025909438d611eabf90290a6e73}|TECHNOX|330|0
{"#",17109bd5-185a-4c0d-882b-5caa61400c01,160:aa990025909438d611eabf907104d95e}|GALFER|500|0
{"#",17109bd5-185a-4c0d-882b-5caa61400c01,160:aa990025909438d611eabf9081dc7552}|ZAFFO|499|0
{"#",17109bd5-185a-4c0d-882b-5caa61400c01,160:aa990025909438d611eabf909a2ed910}|RCA FRANCE|492|0
{"#",17109bd5-185a-4c0d-882b-5caa61400c01,160:aa990025909438d611eabf90b1d799bc}|MULLER FILTER|490|0
{"#",17109bd5-185a-4c0d-882b-5caa61400c01,160:aa990025909438d611eabf90d001cacc}|ALCO FILTER|180|0
{"#",17109bd5-185a-4c0d-882b-5caa61400c01,160:aa990025909438d611eabf90dbab845d}|CLEAN FILTERS|163|0
{"#",17109bd5-185a-4c0d-882b-5caa61400c01,160:aa990025909438d611eabf91466e61d1}|HENGST FILTER|81|0
{"#",17109bd5-185a-4c0d-882b-5caa61400c01,160:aa990025909438d611eabf9158b444dc}|AMC Filter|146|0
{"#",17109bd5-185a-4c0d-882b-5caa61400c01,160:aa990025909438d611eabf9198e34185}|MECAFILTER|218|0
{"#",17109bd5-185a-4c0d-882b-5caa61400c01,160:aa990025909438d611eabf91fa674e43}|LIQUI MOLY|222|0
{"#",17109bd5-185a-4c0d-882b-5caa61400c01,160:aa990025909438d611eabf9217e97109}|ROULUNDS RUBBER|100|0
{"#",17109bd5-185a-4c0d-882b-5caa61400c01,160:aa990025909438d611eabf92254e8f68}|GLYCO|202|0
{"#",17109bd5-185a-4c0d-882b-5caa61400c01,160:aa990025909438d611eabf922c9541ed}|TRUSTING|199|0
{"#",17109bd5-185a-4c0d-882b-5caa61400c01,160:aa990025909438d611eabf9258ed6768}|OSVAT|464|0
{"#",17109bd5-185a-4c0d-882b-5caa61400c01,160:aa990025909438d611eabf9318f1107c}|RAVENOL|461|0
{"#",17109bd5-185a-4c0d-882b-5caa61400c01,160:aa990025909438d611eabf9324a4528e}|CS Germany|467|0
{"#",17109bd5-185a-4c0d-882b-5caa61400c01,160:aa990025909438d611eabf9332295439}|ClimAir|483|0
{"#",17109bd5-185a-4c0d-882b-5caa61400c01,160:aa990025909438d611eabf9351081941}|TECNECO FILTERS|4011|0
{"#",17109bd5-185a-4c0d-882b-5caa61400c01,160:aa990025909438d611eabf93650c1ce1}|EDELMANN|4033|0
{"#",17109bd5-185a-4c0d-882b-5caa61400c01,160:aa990025909438d611eabf9381e64407}|DYNAMATRIX|4318|0
{"#",17109bd5-185a-4c0d-882b-5caa61400c01,160:aa990025909438d611eabf938fb7c3fc}|POLIPLAST|4327|0
{"#",17109bd5-185a-4c0d-882b-5caa61400c01,160:aa990025909438d611eabf93ad56bd47}|MOBIL|4449|0
{"#",17109bd5-185a-4c0d-882b-5caa61400c01,160:aa990025909438d611eabf93dd7bfde6}|PLATINUM|4338|0
{"#",17109bd5-185a-4c0d-882b-5caa61400c01,160:aa990025909438d611eabf9401041b6f}|AUTEX|300|0
{"#",17109bd5-185a-4c0d-882b-5caa61400c01,160:aa990025909438d611eabf9432b56f89}|BREMSI|4872|0
{"#",17109bd5-185a-4c0d-882b-5caa61400c01,160:aa990025909438d611eabf9445643c1e}|DYNAMAX|4881|0
{"#",17109bd5-185a-4c0d-882b-5caa61400c01,160:aa990025909438d611eabf947d08ba07}|GOODWILL|4663|0
{"#",17109bd5-185a-4c0d-882b-5caa61400c01,160:aa990025909438d611eabf948b395cde}|MABYPARTS|4658|0
{"#",17109bd5-185a-4c0d-882b-5caa61400c01,160:aa990025909438d611eabf9495afcd22}|FIL FILTER|4659|0
{"#",17109bd5-185a-4c0d-882b-5caa61400c01,160:aa990025909438d611eabf94b6d2b461}|DriveTec|4360|0
{"#",17109bd5-185a-4c0d-882b-5caa61400c01,160:aa990025909438d611eabf94cdc7d691}|STOP|438|0
{"#",17109bd5-185a-4c0d-882b-5caa61400c01,160:aa990025909438d611eabf94e4150a38}|Brake ENGINEERING|381|0
{"#",17109bd5-185a-4c0d-882b-5caa61400c01,160:aa990025909438d611eabf954ba1c733}|TWINTEC|165|0
{"#",17109bd5-185a-4c0d-882b-5caa61400c01,160:aa990025909438d611eabf9566d01d99}|NATIONAL|190|0
{"#",17109bd5-185a-4c0d-882b-5caa61400c01,160:aa990025909438d611eabf957546a46a}|ALLMAKES|196|0
{"#",17109bd5-185a-4c0d-882b-5caa61400c01,160:aa990025909438d611eabf958dbb5d4b}|SOMORA|187|0
{"#",17109bd5-185a-4c0d-882b-5caa61400c01,160:aa990025909438d611eabf95a81a5dab}|TUDOR|212|0
{"#",17109bd5-185a-4c0d-882b-5caa61400c01,160:aa990025909438d611eabf95b6f81d21}|TIMKEN|219|0
{"#",17109bd5-185a-4c0d-882b-5caa61400c01,160:aa990025909438d611eabf95bf7f9e83}|TRICO|227|0
{"#",17109bd5-185a-4c0d-882b-5caa61400c01,160:aa990025909438d611eabf95e5df4583}|WEBASTO|299|0
{"#",17109bd5-185a-4c0d-882b-5caa61400c01,160:aa990025909438d611eabf9600921bc8}|FRIGAIR|313|0
{"#",17109bd5-185a-4c0d-882b-5caa61400c01,160:aa990025909438d611eabf960e5da7cb}|BorgWarner|327|0
{"#",17109bd5-185a-4c0d-882b-5caa61400c01,160:aa990025909438d611eabf96221172d5}|K&N Filters|305|0
{"#",17109bd5-185a-4c0d-882b-5caa61400c01,160:aa990025909438d611eabf96ad169aa9}|FA1|367|0
{"#",17109bd5-185a-4c0d-882b-5caa61400c01,160:aa990025909438d611eabf96d0de9533}|DON|278|0
{"#",17109bd5-185a-4c0d-882b-5caa61400c01,160:aa990025909438d611eabf96dfed0cfa}|AS|274|0
{"#",17109bd5-185a-4c0d-882b-5caa61400c01,160:aa990025909438d611eabf96f61cbbe7}|PE Automotive|63|0
{"#",17109bd5-185a-4c0d-882b-5caa61400c01,160:aa990025909438d611eabf97005f1fb1}|AKS DASIS|80|0
{"#",17109bd5-185a-4c0d-882b-5caa61400c01,160:aa990025909438d611eabf97130d7952}|OBERLAND|122|0
{"#",17109bd5-185a-4c0d-882b-5caa61400c01,160:aa990025909438d611eabf97216f8ad2}|NISSENS|123|0
{"#",17109bd5-185a-4c0d-882b-5caa61400c01,160:aa990025909438d611eabf97308a10af}|PAYEN|113|0
{"#",17109bd5-185a-4c0d-882b-5caa61400c01,160:aa990025909438d611eabf975f0b84f2}|CARPRISS|363|0
{"#",17109bd5-185a-4c0d-882b-5caa61400c01,160:aa990025909438d611eabf9783f8f977}|EUROCABLE|411|0
{"#",17109bd5-185a-4c0d-882b-5caa61400c01,160:aa990025909438d611eabf97c66985a3}|LUCAS DIESEL|423|0
{"#",17109bd5-185a-4c0d-882b-5caa61400c01,160:aa990025909438d611eabf97d03ee75d}|LUCAS ENGINE DRIVE|424|0
{"#",17109bd5-185a-4c0d-882b-5caa61400c01,160:aa990025909438d611eabf97e3f6dbe7}|ENERGIZER|443|0
{"#",17109bd5-185a-4c0d-882b-5caa61400c01,160:aa990025909438d611eabf97f5e3dbe0}|NARVA|485|0
{"#",17109bd5-185a-4c0d-882b-5caa61400c01,160:aa990025909438d611eabf98170ccc05}|MONOFLEX|426|0
{"#",17109bd5-185a-4c0d-882b-5caa61400c01,160:aa990025909438d611eabf982934119d}|AUTO AIR GLOUCESTER|476|0
{"#",17109bd5-185a-4c0d-882b-5caa61400c01,160:aa990025909438d611eabf984f61822b}|ZF Parts|252|0
{"#",17109bd5-185a-4c0d-882b-5caa61400c01,160:aa990025909438d611eabf9902e02c14}|AFA|254|0
{"#",17109bd5-185a-4c0d-882b-5caa61400c01,160:aa9a0025909438d711ead24b971a2e29}|TYC|61|0
{"#",17109bd5-185a-4c0d-882b-5caa61400c01,160:aa9a0025909438d711ead8a112c1f446}|SPAHN GLUHLAMPEN|45|0
{"#",17109bd5-185a-4c0d-882b-5caa61400c01,160:aa9a0025909438d711ead8a12e2d968d}|VDO|83|0
{"#",17109bd5-185a-4c0d-882b-5caa61400c01,160:aa9a0025909438d711ead8a14c152302}|GLASER|88|0
{"#",17109bd5-185a-4c0d-882b-5caa61400c01,160:aa9a0025909438d711ead8a16ae6d8b2}|SogefiPro|92|0
{"#",17109bd5-185a-4c0d-882b-5caa61400c01,160:aa9a0025909438d711ead8a17616865a}|FRIESEN|87|0
{"#",17109bd5-185a-4c0d-882b-5caa61400c01,160:aa9a0025909438d711ead8a181f71e1a}|BRINK|106|0
{"#",17109bd5-185a-4c0d-882b-5caa61400c01,160:aaa10025909438d711eaf0e6d09616fb}|САН-Д||0
{"#",17109bd5-185a-4c0d-882b-5caa61400c01,160:aaa10025909438d711eaf108cbe62cb2}|Авто-трос||0
{"#",17109bd5-185a-4c0d-882b-5caa61400c01,160:aaa10025909438d711eaf67cb0389954}|LOBRO|56|0
{"#",17109bd5-185a-4c0d-882b-5caa61400c01,160:aaa10025909438d711eaf67cc2300fac}|BUDWEG CALIPER|114|0
{"#",17109bd5-185a-4c0d-882b-5caa61400c01,160:aaa10025909438d711eaf67cd8941ac2}|BE TURBO|128|0
{"#",17109bd5-185a-4c0d-882b-5caa61400c01,160:aaa10025909438d711eaf67ce4b4905f}|FONOS|136|0
{"#",17109bd5-185a-4c0d-882b-5caa61400c01,160:aaa10025909438d711eaf67cee53a043}|UFI|137|0
{"#",17109bd5-185a-4c0d-882b-5caa61400c01,160:aaa10025909438d711eaf67cf7175343}|JOHNS|138|0
{"#",17109bd5-185a-4c0d-882b-5caa61400c01,160:aaa10025909438d711eaf67cfd29f06e}|AJUSA|139|0
{"#",17109bd5-185a-4c0d-882b-5caa61400c01,160:aaa10025909438d711eaf67d0474e81e}|CORTECO|140|0
{"#",17109bd5-185a-4c0d-882b-5caa61400c01,160:aaa10025909438d711eaf67d46369c83}|Dr!ve+|4948|0
{"#",17109bd5-185a-4c0d-882b-5caa61400c01,160:aaa10025909438d711eaf67d52bb36fe}|R BRAKE|4955|0
{"#",17109bd5-185a-4c0d-882b-5caa61400c01,160:aaa10025909438d711eaf67d64049e93}|OREX|4944|0
{"#",17109bd5-185a-4c0d-882b-5caa61400c01,160:aaa10025909438d711eaf67d73bdfade}|FI.BA|4838|0
{"#",17109bd5-185a-4c0d-882b-5caa61400c01,160:aaa10025909438d711eaf67d97f4f1fa}|KRAFTTECH|4718|0
{"#",17109bd5-185a-4c0d-882b-5caa61400c01,160:aaa10025909438d711eaf67db1de4899}|FERRON|4940|0
{"#",17109bd5-185a-4c0d-882b-5caa61400c01,160:aaa10025909438d711eaf67ddcaa7f6d}|URW|155|0
{"#",17109bd5-185a-4c0d-882b-5caa61400c01,160:aaa10025909438d711eaf67de521e590}|NWB|145|0
{"#",17109bd5-185a-4c0d-882b-5caa61400c01,160:aaa10025909438d711eaf67deb8cbbb5}|SOFIMA|142|0
{"#",17109bd5-185a-4c0d-882b-5caa61400c01,160:aaa10025909438d711eaf67e0562feff}|DUPLI COLOR|167|0
{"#",17109bd5-185a-4c0d-882b-5caa61400c01,160:aaa10025909438d711eaf67e11f5e7d0}|MOTIP|168|0
{"#",17109bd5-185a-4c0d-882b-5caa61400c01,160:aaa10025909438d711eaf67e1c4ef2dd}|PRESTO|169|0
{"#",17109bd5-185a-4c0d-882b-5caa61400c01,160:aaa10025909438d711eaf67e2880194e}|BTS Turbo|177|0
{"#",17109bd5-185a-4c0d-882b-5caa61400c01,160:aaa10025909438d711eaf67e385327f1}|GK|181|0
{"#",17109bd5-185a-4c0d-882b-5caa61400c01,160:aaa10025909438d711eaf67e525e98b2}|SCHLUTTER TURBOLADER|182|0
{"#",17109bd5-185a-4c0d-882b-5caa61400c01,160:aaa10025909438d711eaf67e5a8c2642}|VEMO|183|0
{"#",17109bd5-185a-4c0d-882b-5caa61400c01,160:aaa10025909438d711eaf67e6268905d}|IMASAF|191|0
{"#",17109bd5-185a-4c0d-882b-5caa61400c01,160:aaa10025909438d711eaf67e6ba8402c}|MTS|193|0
{"#",17109bd5-185a-4c0d-882b-5caa61400c01,160:aaa10025909438d711eaf67e73bde3e8}|BBT|194|0
{"#",17109bd5-185a-4c0d-882b-5caa61400c01,160:aaa10025909438d711eaf67e7b3aee09}|BREDA LORETT|195|0
{"#",17109bd5-185a-4c0d-882b-5caa61400c01,160:aaa10025909438d711eaf67ea37b8813}|URO Parts|4999|0
{"#",17109bd5-185a-4c0d-882b-5caa61400c01,160:aaa10025909438d711eaf67ebd732d03}|KNIPEX|4954|0
{"#",17109bd5-185a-4c0d-882b-5caa61400c01,160:aaa10025909438d711eaf67ecd201537}|ASYSUM|4972|0
{"#",17109bd5-185a-4c0d-882b-5caa61400c01,160:aaa10025909438d711eaf67ee3c94621}|BOUGICORD|211|0
{"#",17109bd5-185a-4c0d-882b-5caa61400c01,160:aaa10025909438d711eaf67efa098d14}|CALORSTAT by Vernet|215|0
{"#",17109bd5-185a-4c0d-882b-5caa61400c01,160:aaa10025909438d711eaf67f0e6a91bd}|NURAL|216|0
{"#",17109bd5-185a-4c0d-882b-5caa61400c01,160:aaa10025909438d711eaf67f1df15379}|3F QUALITY|228|0
{"#",17109bd5-185a-4c0d-882b-5caa61400c01,160:aaa10025909438d711eaf67f30187a4c}|HALDEX|232|0
{"#",17109bd5-185a-4c0d-882b-5caa61400c01,160:aaa10025909438d711eaf67f434d105b}|DINEX|233|0
{"#",17109bd5-185a-4c0d-882b-5caa61400c01,160:aaa10025909438d711eaf67f4bac9e94}|ELWIS ROYAL|237|0
{"#",17109bd5-185a-4c0d-882b-5caa61400c01,160:aaa10025909438d711eaf67f530d0bef}|MEAT & DORIA|244|0
{"#",17109bd5-185a-4c0d-882b-5caa61400c01,160:aaa10025909438d711eaf67f7ab81c19}|Saleri SIL|245|0
{"#",17109bd5-185a-4c0d-882b-5caa61400c01,160:aaa10025909438d711eaf67f84a378c0}|EYQUEM|246|0
{"#",17109bd5-185a-4c0d-882b-5caa61400c01,160:aaa10025909438d711eaf67f9039a31e}|AVA QUALITY COOLING|247|0
{"#",17109bd5-185a-4c0d-882b-5caa61400c01,160:aaa10025909438d711eaf67f98eca558}|SEIM|263|0
{"#",17109bd5-185a-4c0d-882b-5caa61400c01,160:aaa10025909438d711eaf67fa0bd236f}|SMPE|269|0
{"#",17109bd5-185a-4c0d-882b-5caa61400c01,160:aaa10025909438d711eaf67fb5fbe743}|LIZARTE|292|0
{"#",17109bd5-185a-4c0d-882b-5caa61400c01,160:aaa10025909438d711eaf67fc2e2441a}|LENCO|293|0
{"#",17109bd5-185a-4c0d-882b-5caa61400c01,160:aaa10025909438d711eaf67fcd499da0}|JDEUS|296|0
{"#",17109bd5-185a-4c0d-882b-5caa61400c01,160:aaa10025909438d711eaf67fd6f95e4f}|PJ|314|0
{"#",17109bd5-185a-4c0d-882b-5caa61400c01,160:aaa10025909438d711eaf67fe00e22eb}|GENERAL RICAMBI|316|0
{"#",17109bd5-185a-4c0d-882b-5caa61400c01,160:aaa10025909438d711eaf67fe71b1c2b}|CDX|318|0
{"#",17109bd5-185a-4c0d-882b-5caa61400c01,160:aaa10025909438d711eaf67fe71b1c2c}|CALIX|319|0
{"#",17109bd5-185a-4c0d-882b-5caa61400c01,160:aaa10025909438d711eaf67ff197eb42}|MTE-THOMSON|320|0
{"#",17109bd5-185a-4c0d-882b-5caa61400c01,160:aaa10025909438d711eaf68007956f4a}|BRAXIS|4993|0
{"#",17109bd5-185a-4c0d-882b-5caa61400c01,160:aaa10025909438d711eaf680168d20f6}|PRASCO|340|0
{"#",17109bd5-185a-4c0d-882b-5caa61400c01,160:aaa10025909438d711eaf6802381cc34}|CEF|325|0
{"#",17109bd5-185a-4c0d-882b-5caa61400c01,160:aaa10025909438d711eaf6802a152b12}|SCHWITZER|326|0
{"#",17109bd5-185a-4c0d-882b-5caa61400c01,160:aaa10025909438d711eaf68034b820b0}|DA SILVA|332|0
{"#",17109bd5-185a-4c0d-882b-5caa61400c01,160:aaa10025909438d711eaf6805537385c}|ST-TEMPLIN|336|0
{"#",17109bd5-185a-4c0d-882b-5caa61400c01,160:aaa10025909438d711eaf6805537385e}|MESSMER|342|0
{"#",17109bd5-185a-4c0d-882b-5caa61400c01,160:aaa10025909438d711eaf6806452ae28}|MOTAIR TURBO|345|0
{"#",17109bd5-185a-4c0d-882b-5caa61400c01,160:aaa10025909438d711eaf6806e68f607}|AUTOFREN SEINSA|351|0
{"#",17109bd5-185a-4c0d-882b-5caa61400c01,160:aaa10025909438d711eaf68078591787}|BF|352|0
{"#",17109bd5-185a-4c0d-882b-5caa61400c01,160:aaa10025909438d711eaf68081324021}|SIARR|354|0
{"#",17109bd5-185a-4c0d-882b-5caa61400c01,160:aaa10025909438d711eaf6808e379c2b}|VENEPORTE|357|0
{"#",17109bd5-185a-4c0d-882b-5caa61400c01,160:aaa10025909438d711eaf6809b3f5aaa}|MAGNAFLOW|359|0
{"#",17109bd5-185a-4c0d-882b-5caa61400c01,160:aaa10025909438d711eaf680aa10e622}|TEAMEC|360|0
{"#",17109bd5-185a-4c0d-882b-5caa61400c01,160:aaa10025909438d711eaf680d4eb6b59}|VATOIL|361|0
{"#",17109bd5-185a-4c0d-882b-5caa61400c01,160:aaa10025909438d711eaf680db47f2f6}|GGT|368|0
{"#",17109bd5-185a-4c0d-882b-5caa61400c01,160:aaa10025909438d711eaf680eea511e5}|DEPA|371|0
{"#",17109bd5-185a-4c0d-882b-5caa61400c01,160:aaa10025909438d711eaf680f74e8a72}|ACI-AVESA|374|0
{"#",17109bd5-185a-4c0d-882b-5caa61400c01,160:aaa10025909438d711eaf68101d4e321}|SONNAK|375|0
{"#",17109bd5-185a-4c0d-882b-5caa61400c01,160:aaa10025909438d711eaf681a76f72ca}|CENTRA|376|0
{"#",17109bd5-185a-4c0d-882b-5caa61400c01,160:aaa10025909438d711eaf681b01db01e}|FRENKIT|380|0
{"#",17109bd5-185a-4c0d-882b-5caa61400c01,160:aaa10025909438d711eaf681d2b35819}|BRISK|494|0
{"#",17109bd5-185a-4c0d-882b-5caa61400c01,160:aaa10025909438d711eaf681efb91064}|COJALI|495|0
{"#",17109bd5-185a-4c0d-882b-5caa61400c01,160:aaa10025909438d711eaf681f99d49da}|ETS|4003|0
{"#",17109bd5-185a-4c0d-882b-5caa61400c01,160:aaa10025909438d711eaf6820ac2ed5f}|EEC|488|0
{"#",17109bd5-185a-4c0d-882b-5caa61400c01,160:aaa10025909438d711eaf682dc9c2f20}|TURBOS HOET|382|0
{"#",17109bd5-185a-4c0d-882b-5caa61400c01,160:aaa10025909438d711eaf682dc9c2f23}|ANGLI|383|0
{"#",17109bd5-185a-4c0d-882b-5caa61400c01,160:aaa10025909438d711eaf682f703e4ed}|GLYSANTIN|389|0
{"#",17109bd5-185a-4c0d-882b-5caa61400c01,160:aaa10025909438d711eaf68305336341}|ROC|401|0
{"#",17109bd5-185a-4c0d-882b-5caa61400c01,160:aaa10025909438d711eaf683144599dc}|FRAS-LE|404|0
{"#",17109bd5-185a-4c0d-882b-5caa61400c01,160:aaa10025909438d711eaf6833652e8f3}|BM CATALYSTS|406|0
{"#",17109bd5-185a-4c0d-882b-5caa61400c01,160:aaa10025909438d711eaf6833f608657}|FENNO|415|0
{"#",17109bd5-185a-4c0d-882b-5caa61400c01,160:aaa10025909438d711eaf6834853e95d}|AHE|422|0
{"#",17109bd5-185a-4c0d-882b-5caa61400c01,160:aaa10025909438d711eaf6835370794d}|WAT|429|0
{"#",17109bd5-185a-4c0d-882b-5caa61400c01,160:aaa10025909438d711eaf683624df0ae}|SERCORE|431|0
{"#",17109bd5-185a-4c0d-882b-5caa61400c01,160:aaa10025909438d711eaf6836bac9fc5}|DETA|434|0
{"#",17109bd5-185a-4c0d-882b-5caa61400c01,160:aaa10025909438d711eaf68378ed97cb}|CoopersFiaam|437|0
{"#",17109bd5-185a-4c0d-882b-5caa61400c01,160:aaa10025909438d711eaf6838175b5cf}|NPS|440|0
{"#",17109bd5-185a-4c0d-882b-5caa61400c01,160:aaa10025909438d711eaf6838791e75b}|FISPA|441|0
{"#",17109bd5-185a-4c0d-882b-5caa61400c01,160:aaa10025909438d711eaf6838e3abbd4}|KLARIUS|445|0
{"#",17109bd5-185a-4c0d-882b-5caa61400c01,160:aaa10025909438d711eaf683b3777999}|TRUCKFRENOS|4022|0
{"#",17109bd5-185a-4c0d-882b-5caa61400c01,160:aaa10025909438d711eaf684b5061770}|PILKINGTON|447|0
{"#",17109bd5-185a-4c0d-882b-5caa61400c01,160:aaa10025909438d711eaf684c4a24ef2}|BRECAV|452|0
{"#",17109bd5-185a-4c0d-882b-5caa61400c01,160:aaa10025909438d711eaf684cdf77458}|BANDO|454|0
{"#",17109bd5-185a-4c0d-882b-5caa61400c01,160:aaa10025909438d711eaf684d6aa7692}|SIGAM|455|0
{"#",17109bd5-185a-4c0d-882b-5caa61400c01,160:aaa10025909438d711eaf684dda6bef9}|VILLAR|456|0
{"#",17109bd5-185a-4c0d-882b-5caa61400c01,160:aaa10025909438d711eaf684e76992d6}|EDR|457|0
{"#",17109bd5-185a-4c0d-882b-5caa61400c01,160:aaa10025909438d711eaf68506391819}|DONMEZ|468|0
{"#",17109bd5-185a-4c0d-882b-5caa61400c01,160:aaa10025909438d711eaf68510e334cb}|KALE OTO RADYATÖR|469|0
{"#",17109bd5-185a-4c0d-882b-5caa61400c01,160:aaa10025909438d711eaf68524e73bf0}|CABOR|473|0
{"#",17109bd5-185a-4c0d-882b-5caa61400c01,160:aaa10025909438d711eaf6852d42051e}|BGA|478|0
{"#",17109bd5-185a-4c0d-882b-5caa61400c01,160:aaa10025909438d711eaf68534b0c0d1}|AP Automotive Prod.|487|0
{"#",17109bd5-185a-4c0d-882b-5caa61400c01,160:aaa10025909438d711eaf68551e16460}|EPS|4005|0
{"#",17109bd5-185a-4c0d-882b-5caa61400c01,160:aaa10025909438d711eaf685586b39cc}|KW|4006|0
{"#",17109bd5-185a-4c0d-882b-5caa61400c01,160:aaa10025909438d711eaf68569101b8d}|montcada|4021|0
{"#",17109bd5-185a-4c0d-882b-5caa61400c01,160:aaa10025909438d711eaf6856ff950d8}|KS TOOLS|4023|0
{"#",17109bd5-185a-4c0d-882b-5caa61400c01,160:aaa10025909438d711eaf685787a4091}|AKEBONO|4024|0
{"#",17109bd5-185a-4c0d-882b-5caa61400c01,160:aaa10025909438d711eaf6859b3f2219}|BOSS FILTERS|4702|0
{"#",17109bd5-185a-4c0d-882b-5caa61400c01,160:aaa10025909438d711eaf685ab82419c}|NEXUS|4694|0
{"#",17109bd5-185a-4c0d-882b-5caa61400c01,160:aaa10025909438d711eaf685b9845c36}|TRUCKLIGHT|4701|0
{"#",17109bd5-185a-4c0d-882b-5caa61400c01,160:aaa10025909438d711eaf6862cd55646}|REPKIT|4330|0
{"#",17109bd5-185a-4c0d-882b-5caa61400c01,160:aaa10025909438d711eaf68787c621d2}|VIGOR|4026|0
{"#",17109bd5-185a-4c0d-882b-5caa61400c01,160:aaa10025909438d711eaf687a13aa2aa}|JUNIOR|4032|0
{"#",17109bd5-185a-4c0d-882b-5caa61400c01,160:aaa10025909438d711eaf687abab85c5}|APPROVED GREEN|4272|0
{"#",17109bd5-185a-4c0d-882b-5caa61400c01,160:aaa10025909438d711eaf688bc77a10e}|Omnicraft|4380|0
{"#",17109bd5-185a-4c0d-882b-5caa61400c01,160:aaa10025909438d711eaf688c73bf835}|KM Germany|4428|0
{"#",17109bd5-185a-4c0d-882b-5caa61400c01,160:aaa10025909438d711eaf688d129b741}|AUTOTEAM|4464|0
{"#",17109bd5-185a-4c0d-882b-5caa61400c01,160:aaa10025909438d711eaf68915a0c528}|UNIPOINT|4620|0
{"#",17109bd5-185a-4c0d-882b-5caa61400c01,160:aaa10025909438d711eaf68928aa41c4}|DONALDSON|4868|0
{"#",17109bd5-185a-4c0d-882b-5caa61400c01,160:aaa10025909438d711eaf6896f4b3ee4}|HELLA GUTMANN|4734|0
{"#",17109bd5-185a-4c0d-882b-5caa61400c01,160:aaa10025909438d711eaf68a33871d24}|GEMO|4312|0
{"#",17109bd5-185a-4c0d-882b-5caa61400c01,160:aaa10025909438d711eaf68a3eb46e45}|JTEKT|4319|0
{"#",17109bd5-185a-4c0d-882b-5caa61400c01,160:aaa10025909438d711eaf68a504a2a45}|SIEGEL AUTOMOTIVE|4331|0
{"#",17109bd5-185a-4c0d-882b-5caa61400c01,160:aaa10025909438d711eaf68a67829140}|INTERVALVES|4336|0
{"#",17109bd5-185a-4c0d-882b-5caa61400c01,160:aaa10025909438d711eaf68a752a10b3}|TENACITY|4340|0
{"#",17109bd5-185a-4c0d-882b-5caa61400c01,160:aaa10025909438d711eaf68a9bcbeb0f}|TCMATIC|4342|0
{"#",17109bd5-185a-4c0d-882b-5caa61400c01,160:aaa10025909438d711eaf68aaff998a7}|ELTA AUTOMOTIVE|4344|0
{"#",17109bd5-185a-4c0d-882b-5caa61400c01,160:aaa10025909438d711eaf68ab843f320}|DODA|4345|0
{"#",17109bd5-185a-4c0d-882b-5caa61400c01,160:aaa10025909438d711eaf68ac9574327}|STOP&GO|4367|0
{"#",17109bd5-185a-4c0d-882b-5caa61400c01,160:aaa10025909438d711eaf68b436fb878}|AUTOKIT|4651|0
{"#",17109bd5-185a-4c0d-882b-5caa61400c01,160:aaa10025909438d711eaf68b50b788dd}|LORO|4657|0
{"#",17109bd5-185a-4c0d-882b-5caa61400c01,160:aaa10025909438d711eaf68be9970a31}|PASCAL|4690|0
{"#",17109bd5-185a-4c0d-882b-5caa61400c01,160:aaa10025909438d711eaf68bfdb703de}|TREVI AUTOMOTIVE|4732|0
{"#",17109bd5-185a-4c0d-882b-5caa61400c01,160:aaa10025909438d711eaf68c4ee421e0}|IMEX|4743|0
{"#",17109bd5-185a-4c0d-882b-5caa61400c01,160:aaa10025909438d711eaf68f0c5c2c5e}|QUICK STEER|4368|0
{"#",17109bd5-185a-4c0d-882b-5caa61400c01,160:aaa10025909438d711eaf68f2e73a98e}|GEBE|4379|0
{"#",17109bd5-185a-4c0d-882b-5caa61400c01,160:aaa10025909438d711eaf690aa1307c5}|EMINOX|4384|0
{"#",17109bd5-185a-4c0d-882b-5caa61400c01,160:aaa10025909438d711eaf69158f25545}|XXLMARMITTEITALIANE|4511|0
{"#",17109bd5-185a-4c0d-882b-5caa61400c01,160:aaa10025909438d711eaf6916ab0e6e7}|DIVINOL|4357|0
{"#",17109bd5-185a-4c0d-882b-5caa61400c01,160:aaa10025909438d711eaf6919296257f}|DOGA|4585|0
{"#",17109bd5-185a-4c0d-882b-5caa61400c01,160:aaa10025909438d711eaf691be048237}|KROON OIL|4907|0
{"#",17109bd5-185a-4c0d-882b-5caa61400c01,160:aaa10025909438d711eaf691d2cba993}|TURBORAIL|4949|0
{"#",17109bd5-185a-4c0d-882b-5caa61400c01,160:aaa10025909438d711eaf691e288b19f}|GREENCAR Automotive|4958|0
{"#",17109bd5-185a-4c0d-882b-5caa61400c01,160:aaa10025909438d711eaf691f7fabed2}|AUTOELECTRO|4842|0
{"#",17109bd5-185a-4c0d-882b-5caa61400c01,160:aaa10025909438d711eaf6921088ef36}|BERGKRAFT|4670|0
{"#",17109bd5-185a-4c0d-882b-5caa61400c01,160:aaa10025909438d711eaf692371e6524}|AUTOGAMMA|4688|0
{"#",17109bd5-185a-4c0d-882b-5caa61400c01,160:aaa10025909438d711eaf6923e2d2752}|MOBILETRON|4705|0
{"#",17109bd5-185a-4c0d-882b-5caa61400c01,160:aaa10025909438d711eaf69253829526}|SPICER|4635|0
{"#",17109bd5-185a-4c0d-882b-5caa61400c01,160:aaa10025909438d711eaf6926b439ecd}|KM International|4462|0
{"#",17109bd5-185a-4c0d-882b-5caa61400c01,160:aaa10025909438d711eaf6927b8a1646}|vika|4346|0
{"#",17109bd5-185a-4c0d-882b-5caa61400c01,160:aaa10025909438d711eaf69282dc86cd}|ITSA|4349|0
{"#",17109bd5-185a-4c0d-882b-5caa61400c01,160:aaa10025909438d711eaf694078736ec}|WESTLAKE|4561|0
{"#",17109bd5-185a-4c0d-882b-5caa61400c01,160:aaa10025909438d711eaf6941dbc1ae2}|Scriba|4350|0
{"#",17109bd5-185a-4c0d-882b-5caa61400c01,160:aaa10025909438d711eaf69429ea1d43}|DPA|4353|0
{"#",17109bd5-185a-4c0d-882b-5caa61400c01,160:aaa10025909438d711eaf6943683d28f}|TURBO-MOT|4362|0
{"#",17109bd5-185a-4c0d-882b-5caa61400c01,160:aaa10025909438d711eaf69466cbe6cd}|StartVOLT|4771|0
{"#",17109bd5-185a-4c0d-882b-5caa61400c01,160:aaa10025909438d711eaf69589ccd92d}|YAZUKA|4692|0
{"#",17109bd5-185a-4c0d-882b-5caa61400c01,160:aaa10025909438d711eaf695d1ca0ba9}|AUTOCLIMA|4656|0
{"#",17109bd5-185a-4c0d-882b-5caa61400c01,160:aaa10025909438d711eaf695df7a2e3d}|SPILU|4680|0
{"#",17109bd5-185a-4c0d-882b-5caa61400c01,160:aaa10025909438d711eaf695f5e60d10}|ACKOJAP|4364|0
{"#",17109bd5-185a-4c0d-882b-5caa61400c01,160:aaa10025909438d711eaf695fd9cb30e}|BELACO|4373|0
{"#",17109bd5-185a-4c0d-882b-5caa61400c01,160:aaa10025909438d711eaf69611f1834d}|LAUBER|4496|0
{"#",17109bd5-185a-4c0d-882b-5caa61400c01,160:aaa10025909438d711eaf69619889383}|AINDE|4504|0
{"#",17109bd5-185a-4c0d-882b-5caa61400c01,160:aaa10025909438d711eaf6962ad46de1}|PHIRA|4505|0
{"#",17109bd5-185a-4c0d-882b-5caa61400c01,160:aaa10025909438d711eaf696380f9233}|CARBOX|4481|0
{"#",17109bd5-185a-4c0d-882b-5caa61400c01,160:aaa10025909438d711eaf697579abad7}|HIDRIA|4523|0
{"#",17109bd5-185a-4c0d-882b-5caa61400c01,160:aaa10025909438d711eaf6976aab3701}|MUBEA|4535|0
{"#",17109bd5-185a-4c0d-882b-5caa61400c01,160:aaa10025909438d711eaf6977ce11bc3}|ROSTAR|4573|0
{"#",17109bd5-185a-4c0d-882b-5caa61400c01,160:aaa10025909438d711eaf698df1e64c0}|7%||0
{"#",17109bd5-185a-4c0d-882b-5caa61400c01,160:aaa10025909438d711eaf699b775be4a}|JS ASAKASHI|4378|0
{"#",17109bd5-185a-4c0d-882b-5caa61400c01,160:aaa10025909438d711eaf699b775be4b}|VEMA|4425|0
{"#",17109bd5-185a-4c0d-882b-5caa61400c01,160:aaa10025909438d711eaf699c281b898}|YUASA|4451|0
{"#",17109bd5-185a-4c0d-882b-5caa61400c01,160:aaa10025909438d711eaf69ad7dc79ec}|GS|4452|0
{"#",17109bd5-185a-4c0d-882b-5caa61400c01,160:aaa10025909438d711eaf69ae9c5ed6e}|KAISHIN|4461|0
{"#",17109bd5-185a-4c0d-882b-5caa61400c01,160:aaa10025909438d711eaf69af2399098}|CALIBER|4463|0
{"#",17109bd5-185a-4c0d-882b-5caa61400c01,160:aaa10025909438d711eaf69b2da87d57}|AMK|4534|0
{"#",17109bd5-185a-4c0d-882b-5caa61400c01,160:aaa10025909438d711eaf73ebb5830d6}|KSH-KOSHIMO|4522|0
{"#",17109bd5-185a-4c0d-882b-5caa61400c01,160:aaa10025909438d711eaf73ee861b5e5}|AIR FREN|4527|0
{"#",17109bd5-185a-4c0d-882b-5caa61400c01,160:aaa10025909438d711eaf73f06b60044}|AD KUHNER|4528|0
{"#",17109bd5-185a-4c0d-882b-5caa61400c01,160:aaa10025909438d711eaf73f0dc09790}|LIPE CLUTCH|4548|0
{"#",17109bd5-185a-4c0d-882b-5caa61400c01,160:aaa10025909438d711eaf73f2cd07d3e}|MECARM|4559|0
{"#",17109bd5-185a-4c0d-882b-5caa61400c01,160:aaa10025909438d711eaf73f37da3b6e}|3Effe Group|4551|0
{"#",17109bd5-185a-4c0d-882b-5caa61400c01,160:aaa10025909438d711eaf73f4d289915}|EATON|4567|0
{"#",17109bd5-185a-4c0d-882b-5caa61400c01,160:aaa10025909438d711eaf73f565d7513}|RANCHO|4569|0
{"#",17109bd5-185a-4c0d-882b-5caa61400c01,160:aaa10025909438d711eaf73f62c0e6d3}|LECOY|4572|0
{"#",17109bd5-185a-4c0d-882b-5caa61400c01,160:aaa10025909438d711eaf73f72656d33}|BRT Bearings|4578|0
{"#",17109bd5-185a-4c0d-882b-5caa61400c01,160:aaa10025909438d711eaf73f7a9342b0}|Automotive Bearings|4579|0
{"#",17109bd5-185a-4c0d-882b-5caa61400c01,160:aaa10025909438d711eaf73f86e39242}|FLEETGUARD|4581|0
{"#",17109bd5-185a-4c0d-882b-5caa61400c01,160:aaa10025909438d711eaf73f8fd496ca}|SPJ|4582|0
{"#",17109bd5-185a-4c0d-882b-5caa61400c01,160:aaa10025909438d711eaf73f9b3d739b}|CARRAB BRAKE PARTS|4583|0
{"#",17109bd5-185a-4c0d-882b-5caa61400c01,160:aaa10025909438d711eaf73fb1c09b64}|SANDO|4592|0
{"#",17109bd5-185a-4c0d-882b-5caa61400c01,160:aaa10025909438d711eaf73fbef809dc}|SAFA|4596|0
{"#",17109bd5-185a-4c0d-882b-5caa61400c01,160:aaa10025909438d711eaf73fc746ec48}|ELECTRIC LIFE|4603|0
{"#",17109bd5-185a-4c0d-882b-5caa61400c01,160:aaa10025909438d711eaf73fd6de5eeb}|CASALS|4604|0
{"#",17109bd5-185a-4c0d-882b-5caa61400c01,160:aaa10025909438d711eaf73fde3a0769}|NAGARES|4606|0
{"#",17109bd5-185a-4c0d-882b-5caa61400c01,160:aaa10025909438d711eaf7400f8bc166}|SHAFTEC|4607|0
{"#",17109bd5-185a-4c0d-882b-5caa61400c01,160:aaa10025909438d711eaf74016db7dea}|ROTA|4609|0
{"#",17109bd5-185a-4c0d-882b-5caa61400c01,160:aaa10025909438d711eaf7401ffe90f2}|GE|4612|0
{"#",17109bd5-185a-4c0d-882b-5caa61400c01,160:aaa10025909438d711eaf7402fe71a5a}|SEM LASTIK|4614|0
{"#",17109bd5-185a-4c0d-882b-5caa61400c01,160:aaa10025909438d711eaf74036ac8b64}|GARRETT|4615|0
{"#",17109bd5-185a-4c0d-882b-5caa61400c01,160:aaa10025909438d711eaf740555ab425}|WAI|4627|0
{"#",17109bd5-185a-4c0d-882b-5caa61400c01,160:aaa10025909438d711eaf74065f3d05c}|SAKURA Automotive|4630|0
{"#",17109bd5-185a-4c0d-882b-5caa61400c01,160:aaa10025909438d711eaf7406e8ab9d2}|ATI|4628|0
{"#",17109bd5-185a-4c0d-882b-5caa61400c01,160:aaa10025909438d711eaf7408365ae57}|ASVA|4631|0
{"#",17109bd5-185a-4c0d-882b-5caa61400c01,160:aaa10025909438d711eaf7408ff8c19e}|ODM-MULTIPARTS|4653|0
{"#",17109bd5-185a-4c0d-882b-5caa61400c01,160:aaa10025909438d711eaf7409f0130ba}|ACR|4654|0
{"#",17109bd5-185a-4c0d-882b-5caa61400c01,160:aaa10025909438d711eaf740f3ea77c5}|PROCODIS FRANCE|4655|0
{"#",17109bd5-185a-4c0d-882b-5caa61400c01,160:aaa10025909438d711eaf740fbc47f6f}|HUF|4662|0
{"#",17109bd5-185a-4c0d-882b-5caa61400c01,160:aaa10025909438d711eaf7410a98d6a7}|CARLUBE|4668|0
{"#",17109bd5-185a-4c0d-882b-5caa61400c01,160:aaa10025909438d711eaf7414edc264a}|NEOLUX|4671|0
{"#",17109bd5-185a-4c0d-882b-5caa61400c01,160:aaa10025909438d711eaf74197bb8495}|COBREQ|4678|0
{"#",17109bd5-185a-4c0d-882b-5caa61400c01,160:aaa10025909438d711eaf741ccbdf960}|CAFFARO|4679|0
{"#",17109bd5-185a-4c0d-882b-5caa61400c01,160:aaa10025909438d711eaf741d3e2ca9e}|NiBK|4682|0
{"#",17109bd5-185a-4c0d-882b-5caa61400c01,160:aaa10025909438d711eaf741ecb7b121}|JC PREMIUM|4689|0
{"#",17109bd5-185a-4c0d-882b-5caa61400c01,160:aaa10025909438d711eaf741f7bf1f16}|KANACO|4691|0
{"#",17109bd5-185a-4c0d-882b-5caa61400c01,160:aaa10025909438d711eaf74200a4337b}|BTA|4693|0
{"#",17109bd5-185a-4c0d-882b-5caa61400c01,160:aaa10025909438d711eaf742084c4475}|PNEUMATICS|4697|0
{"#",17109bd5-185a-4c0d-882b-5caa61400c01,160:aaa10025909438d711eaf742244e1722}|S-TR|4698|0
{"#",17109bd5-185a-4c0d-882b-5caa61400c01,160:aaa10025909438d711eaf7424bda5d5e}|SBP|4699|0
{"#",17109bd5-185a-4c0d-882b-5caa61400c01,160:aaa10025909438d711eaf74257695f17}|NE|4717|0
{"#",17109bd5-185a-4c0d-882b-5caa61400c01,160:aaa10025909438d711eaf74261466d38}|LIFT-TEK|4719|0
{"#",17109bd5-185a-4c0d-882b-5caa61400c01,160:aaa10025909438d711eaf7426b8a0284}|PMM|4720|0
{"#",17109bd5-185a-4c0d-882b-5caa61400c01,160:aaa10025909438d711eaf742843afec0}|HSB GOLD|4998|0
{"#",17109bd5-185a-4c0d-882b-5caa61400c01,160:aaa10025909438d711eaf7428f552cba}|PARKER RACOR|4996|0
{"#",17109bd5-185a-4c0d-882b-5caa61400c01,160:aaa10025909438d711eaf742acea34c8}|NISSHINBO|4990|0
{"#",17109bd5-185a-4c0d-882b-5caa61400c01,160:aaa10025909438d711eaf7430f69c662}|TRICLO|4970|0
{"#",17109bd5-185a-4c0d-882b-5caa61400c01,160:aaa10025909438d711eaf74321d885d5}|ESEN SKV|4969|0
{"#",17109bd5-185a-4c0d-882b-5caa61400c01,160:aaa10025909438d711eaf743322c5627}|BSF|4878|0
{"#",17109bd5-185a-4c0d-882b-5caa61400c01,160:aaa10025909438d711eaf74344b7a1c4}|JURATEK|4935|0
{"#",17109bd5-185a-4c0d-882b-5caa61400c01,160:aaa10025909438d711eaf74360629c67}|MIRAGLIO|4721|0
{"#",17109bd5-185a-4c0d-882b-5caa61400c01,160:aaa10025909438d711eaf74375363544}|EuroFlo|4941|0
{"#",17109bd5-185a-4c0d-882b-5caa61400c01,160:aaa10025909438d711eaf74383850f44}|JUMASA|4965|0
{"#",17109bd5-185a-4c0d-882b-5caa61400c01,160:aaa10025909438d711eaf743bf0cef7b}|ELECTRO AUTO|4725|0
{"#",17109bd5-185a-4c0d-882b-5caa61400c01,160:aaa10025909438d711eaf743cbcc0cc7}|NSK|4728|0
{"#",17109bd5-185a-4c0d-882b-5caa61400c01,160:aaa10025909438d711eaf743d4cdfffa}|VEGE|4739|0
{"#",17109bd5-185a-4c0d-882b-5caa61400c01,160:aaa10025909438d711eaf743e30fe7ea}|BUCHLI|4742|0
{"#",17109bd5-185a-4c0d-882b-5caa61400c01,160:aaa10025909438d711eaf7440e8c4d8e}|GT Exhausts|4763|0
{"#",17109bd5-185a-4c0d-882b-5caa61400c01,160:aaa10025909438d711eaf74431464d86}|SIVENTO|4768|0
{"#",17109bd5-185a-4c0d-882b-5caa61400c01,160:aaa10025909438d711eaf7444e1f1542}|BROVEX-NELSON|4805|0
{"#",17109bd5-185a-4c0d-882b-5caa61400c01,160:aaa10025909438d711eaf74471b05cfc}|HAZET|4808|0
{"#",17109bd5-185a-4c0d-882b-5caa61400c01,160:aaa10025909438d711eaf7447c45783c}|SERA|4811|0
{"#",17109bd5-185a-4c0d-882b-5caa61400c01,160:aaa10025909438d711eaf7448b65c3cb}|MW|4817|0
{"#",17109bd5-185a-4c0d-882b-5caa61400c01,160:aaa10025909438d711eaf744956b5af1}|QUARO|4821|0
{"#",17109bd5-185a-4c0d-882b-5caa61400c01,160:aaa10025909438d711eaf744a0b2d60f}|PIM|4837|0
{"#",17109bd5-185a-4c0d-882b-5caa61400c01,160:aaa10025909438d711eaf744b975bca0}|ASIMCO|4854|0
{"#",17109bd5-185a-4c0d-882b-5caa61400c01,160:aaa10025909438d711eaf744c943bcf8}|ORDONEZ|4864|0
{"#",17109bd5-185a-4c0d-882b-5caa61400c01,160:aaa10025909438d711eaf744f605dbaa}|ARAL|4866|0
{"#",17109bd5-185a-4c0d-882b-5caa61400c01,160:aaa10025909438d711eaf7451af3ea5d}|COFLE|4871|0
{"#",17109bd5-185a-4c0d-882b-5caa61400c01,160:aaa10025909438d711eaf745270f9b39}|POLMO|4873|0
{"#",17109bd5-185a-4c0d-882b-5caa61400c01,160:aaa10025909438d711eaf7453a78a681}|GEDORE|4912|0
{"#",17109bd5-185a-4c0d-882b-5caa61400c01,160:aaa10025909438d711eaf745453141eb}|NORMA|4923|0
{"#",17109bd5-185a-4c0d-882b-5caa61400c01,160:aaa10025909438d711eaf74573d192f8}|FIT|4937|0
{"#",17109bd5-185a-4c0d-882b-5caa61400c01,160:aaa10025909438d711eaf7458b135d5b}|VMF|4963|0
{"#",17109bd5-185a-4c0d-882b-5caa61400c01,160:aaa10025909438d711eaf745ba28648c}|RYMEC|4828|0
{"#",17109bd5-185a-4c0d-882b-5caa61400c01,160:aaa10025909438d711eaf745c8687d7d}|IPARLUX|4841|0
{"#",17109bd5-185a-4c0d-882b-5caa61400c01,160:aaa10025909438d711eaf745efdcb688}|SCHRADER|4946|0
{"#",17109bd5-185a-4c0d-882b-5caa61400c01,160:aaa10025909438d711eaf746034a8632}|JMP|4824|0
{"#",17109bd5-185a-4c0d-882b-5caa61400c01,160:aaa10025909438d711eaf74619244615}|AS-PL|4843|0
{"#",17109bd5-185a-4c0d-882b-5caa61400c01,160:aaa10025909438d711eaf74628de1bf2}|Fersa Bearings|4818|0
{"#",17109bd5-185a-4c0d-882b-5caa61400c01,160:aaa10025909438d711eaf74635176500}|1A FIRST AUTOMOTIVE|4814|0
{"#",17109bd5-185a-4c0d-882b-5caa61400c01,160:aaa10025909438d711eaf7464a104ad5}|SPECTRA PREMIUM|4898|0
{"#",17109bd5-185a-4c0d-882b-5caa61400c01,160:aaa10025909438d711eaf74661e63f93}|FOMAR Friction|4887|0
{"#",17109bd5-185a-4c0d-882b-5caa61400c01,160:aaa10025909438d711eaf74689735933}|HC-Cargo|4819|0
{"#",17109bd5-185a-4c0d-882b-5caa61400c01,160:aaa10025909438d711eaf746e1acca25}|DURER|4813|0
{"#",17109bd5-185a-4c0d-882b-5caa61400c01,160:aaa10025909438d711eaf74728251193}|G+M KAT|4820|0
{"#",17109bd5-185a-4c0d-882b-5caa61400c01,160:aaa10025909438d711eaf7472fee689e}|TURBO MOTOR|4830|0
{"#",17109bd5-185a-4c0d-882b-5caa61400c01,160:aaa10025909438d711eaf74743cec5e8}|PZL SEDZISZOW|4848|0
{"#",17109bd5-185a-4c0d-882b-5caa61400c01,160:aaa10025909438d711eaf747503ba972}|Ac Rolcar|4849|0
{"#",17109bd5-185a-4c0d-882b-5caa61400c01,160:aaa10025909438d711eaf7475ab1811b}|IJS GROUP|4862|0
{"#",17109bd5-185a-4c0d-882b-5caa61400c01,160:aaa10025909438d711eaf747647df09a}|HASTINGS PISTON RING|4865|0
{"#",17109bd5-185a-4c0d-882b-5caa61400c01,160:aaa10025909438d711eaf7476d35c059}|turbo by Intec|4885|0
{"#",17109bd5-185a-4c0d-882b-5caa61400c01,160:aaa10025909438d711eaf74775bb7fd1}|LA.R.A.|4964|0
{"#",17109bd5-185a-4c0d-882b-5caa61400c01,160:aaa10025909438d711eafcacd87a45b5}|MFC||0
{"#",17109bd5-185a-4c0d-882b-5caa61400c01,160:aaa40025909438d711eb11d6b8d27c3c}|Elegant||0
{"#",17109bd5-185a-4c0d-882b-5caa61400c01,160:aaa6001517d39cec11e7bfbadc4602cd}|HUCO||0
{"#",17109bd5-185a-4c0d-882b-5caa61400c01,160:aaa6001517d39cec11e7c46330d3653a}|KROSNO||0
{"#",17109bd5-185a-4c0d-882b-5caa61400c01,160:aaa6001517d39cec11e7c55c8c43e594}|BERAL|264|0
{"#",17109bd5-185a-4c0d-882b-5caa61400c01,160:aab00025909438d611eb28d3fff7d9e7}|Forse||0
{"#",17109bd5-185a-4c0d-882b-5caa61400c01,160:ae63001517d39cec11e69b4de2ffce82}|CARWAY||0
{"#",17109bd5-185a-4c0d-882b-5caa61400c01,160:ae63001517d39cec11e69b53870d59ae}|LV||0
{"#",17109bd5-185a-4c0d-882b-5caa61400c01,160:ae63001517d39cec11e6a7480ec72096}|EXIDE|24|0
{"#",17109bd5-185a-4c0d-882b-5caa61400c01,160:ae63001517d39cec11e6afbf3e697cb6}|Ракета пластик||0
{"#",17109bd5-185a-4c0d-882b-5caa61400c01,160:ae63001517d39cec11e6c60214e0497b}|HANS_PRIES||0
{"#",17109bd5-185a-4c0d-882b-5caa61400c01,160:ae63001517d39cec11e6c778ee63540e}|Килимки||0
{"#",17109bd5-185a-4c0d-882b-5caa61400c01,160:ae63001517d39cec11e6cda95e88e219}|SNR|110|0
{"#",17109bd5-185a-4c0d-882b-5caa61400c01,160:ae63001517d39cec11e6d7f9ab3d87c7}|ET ENGINETEAM|4514|0
{"#",17109bd5-185a-4c0d-882b-5caa61400c01,160:ae63001517d39cec11e6d8d5b2357da8}|BLIC|4555|0
{"#",17109bd5-185a-4c0d-882b-5caa61400c01,160:ae63001517d39cec11e6d8d5b2357db1}|BOSAL|41|0
{"#",17109bd5-185a-4c0d-882b-5caa61400c01,160:ae63001517d39cec11e6dcbf54d35d8a}|ELRING|10|0
{"#",17109bd5-185a-4c0d-882b-5caa61400c01,160:ae63001517d39cec11e6dcbf54d35d90}|REINZ||0
{"#",17109bd5-185a-4c0d-882b-5caa61400c01,160:ae63001517d39cec11e6dcbf54d35d93}|DENSO|66|0
{"#",17109bd5-185a-4c0d-882b-5caa61400c01,160:ae63001517d39cec11e6de388426b86e}|4MAX_UKЈAD_WYDECHOWY||0
{"#",17109bd5-185a-4c0d-882b-5caa61400c01,160:ae63001517d39cec11e6e3c75830cbae}|STEINHOF||0
{"#",17109bd5-185a-4c0d-882b-5caa61400c01,160:ae63001517d39cec11e6ec7ad60728dc}|HIFLO||0
{"#",17109bd5-185a-4c0d-882b-5caa61400c01,160:ae63001517d39cec11e6ec7ad60728df}|CHAMPION|43|0
{"#",17109bd5-185a-4c0d-882b-5caa61400c01,160:ae63001517d39cec11e6eebf48788143}|LPR|197|0
{"#",17109bd5-185a-4c0d-882b-5caa61400c01,160:ae63001517d39cec11e6eebf48788149}|MANN-FILTER|4|0
{"#",17109bd5-185a-4c0d-882b-5caa61400c01,160:ae63001517d39cec11e6eebf4878814c}|KNECHT|34|0
{"#",17109bd5-185a-4c0d-882b-5caa61400c01,160:ae63001517d39cec11e6eebf4878814f}|ELF||0
{"#",17109bd5-185a-4c0d-882b-5caa61400c01,160:ae63001517d39cec11e6f2beda969133}|SACHS|32|0
{"#",17109bd5-185a-4c0d-882b-5caa61400c01,160:ae63001517d39cec11e6f3667da47f0d}|BILSTEIN|16|0
{"#",17109bd5-185a-4c0d-882b-5caa61400c01,160:ae63001517d39cec11e6f4512f56b51e}|TrakMotive|4472|0
{"#",17109bd5-185a-4c0d-882b-5caa61400c01,160:ae63001517d39cec11e6fa7c2cd9f8b4}|SKF|50|0
{"#",17109bd5-185a-4c0d-882b-5caa61400c01,160:ae63001517d39cec11e6faa1e9ce1b83}|RUVILLE|23|0
{"#",17109bd5-185a-4c0d-882b-5caa61400c01,160:ae9a001517d39cec11e3fca04f9ac301}|Finwhale|4741|0
{"#",17109bd5-185a-4c0d-882b-5caa61400c01,160:ae9a001517d39cec11e3fca04f9ac304}|Hola|4756|0
{"#",17109bd5-185a-4c0d-882b-5caa61400c01,160:ae9a001517d39cec11e3fca04f9ac307}|Hort|5000|1
{"#",17109bd5-185a-4c0d-882b-5caa61400c01,160:ae9a001517d39cec11e3fca04f9ac30a}|WEEN|482|0
{"#",17109bd5-185a-4c0d-882b-5caa61400c01,160:ae9a001517d39cec11e3fca055aaddb8}|С||0
{"#",17109bd5-185a-4c0d-882b-5caa61400c01,160:ae9a001517d39cec11e3fca055aaddbb}|Fenox|271|0
{"#",17109bd5-185a-4c0d-882b-5caa61400c01,160:ae9a001517d39cec11e3fca055aaddbf}|Арат||0
{"#",17109bd5-185a-4c0d-882b-5caa61400c01,160:ae9a001517d39cec11e3fca055aaddc2}|Бачки||0
{"#",17109bd5-185a-4c0d-882b-5caa61400c01,160:ae9a001517d39cec11e3fca055aaddc4}|АТЕ-1||0
{"#",17109bd5-185a-4c0d-882b-5caa61400c01,160:ae9a001517d39cec11e3fca055aaddc7}|Базальт||0
{"#",17109bd5-185a-4c0d-882b-5caa61400c01,160:ae9a001517d39cec11e3fca055aaddc9}|АвтоЛТД||0
{"#",17109bd5-185a-4c0d-882b-5caa61400c01,160:ae9a001517d39cec11e3fca055aaddcc}|Килимки Дубно||0
{"#",17109bd5-185a-4c0d-882b-5caa61400c01,160:ae9a001517d39cec11e3fca055aaddce}|FriCo||0
{"#",17109bd5-185a-4c0d-882b-5caa61400c01,160:ae9a001517d39cec11e3fca055aaddd0}|GV||0
{"#",17109bd5-185a-4c0d-882b-5caa61400c01,160:ae9a001517d39cec11e3fca055aaddd2}|NRD||0
{"#",17109bd5-185a-4c0d-882b-5caa61400c01,160:ae9a001517d39cec11e3fca055aaddd6}|Гея||0
{"#",17109bd5-185a-4c0d-882b-5caa61400c01,160:ae9a001517d39cec11e3fca055aaddd8}|СТК||0
{"#",17109bd5-185a-4c0d-882b-5caa61400c01,160:ae9a001517d39cec11e3fca055aaddda}|Лысково||0
{"#",17109bd5-185a-4c0d-882b-5caa61400c01,160:ae9a001517d39cec11e3fca055aadddc}|Епластик||0
{"#",17109bd5-185a-4c0d-882b-5caa61400c01,160:ae9a001517d39cec11e3fca055aaddde}|Прамо||0
{"#",17109bd5-185a-4c0d-882b-5caa61400c01,160:ae9a001517d39cec11e3fca055aadde0}|Прагма||0
{"#",17109bd5-185a-4c0d-882b-5caa61400c01,160:ae9a001517d39cec11e3fca055aadde2}|АвтоАрм||0
{"#",17109bd5-185a-4c0d-882b-5caa61400c01,160:ae9a001517d39cec11e3fca055aadde4}|АвКомпКалу||0
{"#",17109bd5-185a-4c0d-882b-5caa61400c01,160:ae9a001517d39cec11e3fca055aadde6}|АвПрибВлад||0
{"#",17109bd5-185a-4c0d-882b-5caa61400c01,160:ae9a001517d39cec11e3fca05bbfbd4a}|Начало||0
{"#",17109bd5-185a-4c0d-882b-5caa61400c01,160:ae9a001517d39cec11e3fca05bbfbd4d}|РемКарб||0
{"#",17109bd5-185a-4c0d-882b-5caa61400c01,160:ae9a001517d39cec11e3fca05bbfbd50}|Освар||0
{"#",17109bd5-185a-4c0d-882b-5caa61400c01,160:ae9a001517d39cec11e3fca05bbfbd54}|Universal Industries||0
{"#",17109bd5-185a-4c0d-882b-5caa61400c01,160:ae9a001517d39cec11e3fca05bbfbd56}|Трубки||0
{"#",17109bd5-185a-4c0d-882b-5caa61400c01,160:ae9a001517d39cec11e3fca05bbfbd59}|ЭМаш||0
{"#",17109bd5-185a-4c0d-882b-5caa61400c01,160:ae9a001517d39cec11e3fca05bbfbd5b}|АвтопрКалу||0
{"#",17109bd5-185a-4c0d-882b-5caa61400c01,160:ae9a001517d39cec11e3fca05bbfbd5d}|КзаэКалуга||0
{"#",17109bd5-185a-4c0d-882b-5caa61400c01,160:ae9a001517d39cec11e3fca05bbfbd5f}|ЗиТарасова||0
{"#",17109bd5-185a-4c0d-882b-5caa61400c01,160:ae9a001517d39cec11e3fca05bbfbd61}|Мзатэ||0
{"#",17109bd5-185a-4c0d-882b-5caa61400c01,160:ae9a001517d39cec11e3fca05bbfbd64}|Белмаг||0
{"#",17109bd5-185a-4c0d-882b-5caa61400c01,160:ae9a001517d39cec11e3fca05bbfbd66}|Кедр||0
{"#",17109bd5-185a-4c0d-882b-5caa61400c01,160:ae9a001517d39cec11e3fca8123a336e}|Magneti_Marelli|95|0
{"#",17109bd5-185a-4c0d-882b-5caa61400c01,160:ae9a001517d39cec11e3fca8123a3378}|Житомир прокладки||0
{"#",17109bd5-185a-4c0d-882b-5caa61400c01,160:ae9a001517d39cec11e3fca818373b7c}|БРТ||0
{"#",17109bd5-185a-4c0d-882b-5caa61400c01,160:ae9a001517d39cec11e3fca81e2f7ed7}|Глушители||0
{"#",17109bd5-185a-4c0d-882b-5caa61400c01,160:ae9a001517d39cec11e3fca81e2f7ef5}|МО||0
{"#",17109bd5-185a-4c0d-882b-5caa61400c01,160:ae9a001517d39cec11e3fca82427c21f}|СтПроклад||0
{"#",17109bd5-185a-4c0d-882b-5caa61400c01,160:ae9a001517d39cec11e3fca8423f100c}|Неме||0
{"#",17109bd5-185a-4c0d-882b-5caa61400c01,160:ae9a001517d39cec11e3fca8423f102e}|АльфаФильт||0
{"#",17109bd5-185a-4c0d-882b-5caa61400c01,160:ae9a001517d39cec11e3fca8423f103b}|GToil||0
{"#",17109bd5-185a-4c0d-882b-5caa61400c01,160:ae9a001517d39cec11e3fca8608ad1cc}|Авар||0
{"#",17109bd5-185a-4c0d-882b-5caa61400c01,160:ae9a001517d39cec11e3fca8608ad1d5}|ТМК||0
{"#",17109bd5-185a-4c0d-882b-5caa61400c01,160:ae9a001517d39cec11e3fca8668c9e96}|HALT||0
{"#",17109bd5-185a-4c0d-882b-5caa61400c01,160:ae9a001517d39cec11e3fca8915591ad}|Пекар||0
{"#",17109bd5-185a-4c0d-882b-5caa61400c01,160:ae9a001517d39cec11e3fca8afa3b5ab}|АвтоТрейд||0
{"#",17109bd5-185a-4c0d-882b-5caa61400c01,160:ae9a001517d39cec11e3fca8cdc6ef28}|Омыватель||0
{"#",17109bd5-185a-4c0d-882b-5caa61400c01,160:ae9a001517d39cec11e3fca9223f7fce}|ВТН||0
{"#",17109bd5-185a-4c0d-882b-5caa61400c01,160:ae9a001517d39cec11e3fcaa0a23577d}|ТЗА||0
{"#",17109bd5-185a-4c0d-882b-5caa61400c01,160:ae9a001517d39cec11e3fcabd7ef31bd}|АэКалуга||0
{"#",17109bd5-185a-4c0d-882b-5caa61400c01,160:ae9a001517d39cec11e3fd0147fdfb72}|Соатэ||0
{"#",17109bd5-185a-4c0d-882b-5caa61400c01,160:ae9a001517d39cec11e3fd01de61d085}|Автрамат||0
{"#",17109bd5-185a-4c0d-882b-5caa61400c01,160:ae9a001517d39cec11e3fd0232573fb0}|Мз№1||0
{"#",17109bd5-185a-4c0d-882b-5caa61400c01,160:ae9a001517d39cec11e3fd047ed7f336}|Трек||0
{"#",17109bd5-185a-4c0d-882b-5caa61400c01,160:ae9a001517d39cec11e3fd051ad70fad}|Кинешма||0
{"#",17109bd5-185a-4c0d-882b-5caa61400c01,160:ae9a001517d39cec11e3fd052ce5ff83}|ПрАгм||0
{"#",17109bd5-185a-4c0d-882b-5caa61400c01,160:ae9a001517d39cec11e3fd05b15c45bc}|Автэл||0
{"#",17109bd5-185a-4c0d-882b-5caa61400c01,160:ae9a001517d39cec11e3fd066d9e342f}|АрРадиатор||0
{"#",17109bd5-185a-4c0d-882b-5caa61400c01,160:ae9a001517d39cec11e3fd079115aea4}|Ви||0
{"#",17109bd5-185a-4c0d-882b-5caa61400c01,160:ae9a001517d39cec11e3fd08bbb8fbcc}|Бест||0
{"#",17109bd5-185a-4c0d-882b-5caa61400c01,160:ae9a001517d39cec11e3fd0ab2a56673}|Во||0
{"#",17109bd5-185a-4c0d-882b-5caa61400c01,160:b7df001517d39cec11e730c1cbf55004}|POLCAR||0
{"#",17109bd5-185a-4c0d-882b-5caa61400c01,160:b7df001517d39cec11e737086df4f2c8}|HEPU|178|0
{"#",17109bd5-185a-4c0d-882b-5caa61400c01,160:b7df001517d39cec11e73977bf2bfef5}|Tomasetto||0
{"#",17109bd5-185a-4c0d-882b-5caa61400c01,160:b7df001517d39cec11e73f7af6e0dd04}|KAYABA|85|0
{"#",17109bd5-185a-4c0d-882b-5caa61400c01,160:b7df001517d39cec11e73f7af6e0dd07}|CX||0
{"#",17109bd5-185a-4c0d-882b-5caa61400c01,160:b7df001517d39cec11e7412889588d94}|VERNET||0
{"#",17109bd5-185a-4c0d-882b-5caa61400c01,160:b7df001517d39cec11e7413302b9de48}|SENTECH||0
{"#",17109bd5-185a-4c0d-882b-5caa61400c01,160:b7df001517d39cec11e745c82d863d7d}|BARS||0
{"#",17109bd5-185a-4c0d-882b-5caa61400c01,160:b7df001517d39cec11e74ab1c33aa31e}|AutoTechteile||0
{"#",17109bd5-185a-4c0d-882b-5caa61400c01,160:b7df001517d39cec11e751b9c69872ee}|ABE|4426|0
{"#",17109bd5-185a-4c0d-882b-5caa61400c01,160:b7df001517d39cec11e7558a453c22ca}|VALEO|21|0
{"#",17109bd5-185a-4c0d-882b-5caa61400c01,160:b7df001517d39cec11e7616269fa8bf0}|LEMFORDER|35|0
{"#",17109bd5-185a-4c0d-882b-5caa61400c01,160:b7df001517d39cec11e7616269fa8bf3}|FAG|192|0
{"#",17109bd5-185a-4c0d-882b-5caa61400c01,160:b7df001517d39cec11e76242a0ebeb0f}|VEMO||0
{"#",17109bd5-185a-4c0d-882b-5caa61400c01,160:b7df001517d39cec11e766e6c5e21eb2}|AKUSAN||0
{"#",17109bd5-185a-4c0d-882b-5caa61400c01,160:b7df001517d39cec11e7670634090cc4}|WALKER|13|0
{"#",17109bd5-185a-4c0d-882b-5caa61400c01,160:b7df001517d39cec11e7685ddca9aba6}|VAG||0
{"#",17109bd5-185a-4c0d-882b-5caa61400c01,160:b7df001517d39cec11e76c5412bc3e4e}|HELLA|2|0
{"#",17109bd5-185a-4c0d-882b-5caa61400c01,160:b7df001517d39cec11e770658657bb16}|AISIN|166|0
{"#",17109bd5-185a-4c0d-882b-5caa61400c01,160:b7df001517d39cec11e77394d937b430}|3%||0
{"#",17109bd5-185a-4c0d-882b-5caa61400c01,160:b7df001517d39cec11e787e1c9638b68}|Shin Kum||0
{"#",17109bd5-185a-4c0d-882b-5caa61400c01,160:b7df001517d39cec11e7985772a9c0d6}|ADRIAUTO||0
