{"#",44a01d39-c2b6-4751-85e6-06fdc2f23043,82:ae9a001517d39cec11e3fcad636e0721}(|)Опт(|)38
{"#",44a01d39-c2b6-4751-85e6-06fdc2f23043,82:ae9a001517d39cec11e3fcad4b15c416}(|)Опт(|)133
{"#",44a01d39-c2b6-4751-85e6-06fdc2f23043,82:ae63001517d39cec11e678b620e77700}(|)Опт(|)5
{"#",44a01d39-c2b6-4751-85e6-06fdc2f23043,82:ae9a001517d39cec11e3fcabde27d473}(|)Опт(|)5
{"#",44a01d39-c2b6-4751-85e6-06fdc2f23043,82:ae9a001517d39cec11e3fca82a357aca}(|)Розница(|)10
{"#",44a01d39-c2b6-4751-85e6-06fdc2f23043,82:ae9a001517d39cec11e3fca82a357ade}(|)Розница(|)32
{"#",44a01d39-c2b6-4751-85e6-06fdc2f23043,82:ae9a001517d39cec11e3fca830302055}(|)Розница(|)60
{"#",44a01d39-c2b6-4751-85e6-06fdc2f23043,82:ae9a001517d39cec11e3fca830302068}(|)Розница(|)20
{"#",44a01d39-c2b6-4751-85e6-06fdc2f23043,82:ae9a001517d39cec11e3fca83c446a82}(|)Розница(|)20
{"#",44a01d39-c2b6-4751-85e6-06fdc2f23043,82:ae9a001517d39cec11e3fca84e5ce366}(|)Розница(|)30
{"#",44a01d39-c2b6-4751-85e6-06fdc2f23043,82:ae9a001517d39cec11e3fca85a902c0f}(|)Розница(|)8
{"#",44a01d39-c2b6-4751-85e6-06fdc2f23043,82:ae9a001517d39cec11e3fca88b3e4fb4}(|)Розница(|)200
{"#",44a01d39-c2b6-4751-85e6-06fdc2f23043,82:ae9a001517d39cec11e3fca8978e3476}(|)Розница(|)20
{"#",44a01d39-c2b6-4751-85e6-06fdc2f23043,82:ae9a001517d39cec11e3fca8bbb33abf}(|)Розница(|)80
{"#",44a01d39-c2b6-4751-85e6-06fdc2f23043,82:ae9a001517d39cec11e3fca8c7b936c7}(|)Розница(|)4
{"#",44a01d39-c2b6-4751-85e6-06fdc2f23043,82:ae9a001517d39cec11e3fca8dfceb7e9}(|)Розница(|)20
{"#",44a01d39-c2b6-4751-85e6-06fdc2f23043,82:ae9a001517d39cec11e3fca8dfceb7ec}(|)Розница(|)96
{"#",44a01d39-c2b6-4751-85e6-06fdc2f23043,82:ae9a001517d39cec11e3fca8fde3a35c}(|)Розница(|)30
{"#",44a01d39-c2b6-4751-85e6-06fdc2f23043,82:ae9a001517d39cec11e3fca9347e1e86}(|)Розница(|)80
{"#",44a01d39-c2b6-4751-85e6-06fdc2f23043,82:ae9a001517d39cec11e3fca93abde893}(|)Розница(|)142
{"#",44a01d39-c2b6-4751-85e6-06fdc2f23043,82:ae9a001517d39cec11e3fca940f428e7}(|)Розница(|)8
{"#",44a01d39-c2b6-4751-85e6-06fdc2f23043,82:ae9a001517d39cec11e3fca965a377d3}(|)Розница(|)100
{"#",44a01d39-c2b6-4751-85e6-06fdc2f23043,82:ae9a001517d39cec11e3fca971cd36f6}(|)Розница(|)10
{"#",44a01d39-c2b6-4751-85e6-06fdc2f23043,82:ae9a001517d39cec11e3fca983e34db0}(|)Розница(|)250
{"#",44a01d39-c2b6-4751-85e6-06fdc2f23043,82:ae9a001517d39cec11e3fca983e34db3}(|)Розница(|)20
{"#",44a01d39-c2b6-4751-85e6-06fdc2f23043,82:ae9a001517d39cec11e3fca98a126709}(|)Розница(|)20
{"#",44a01d39-c2b6-4751-85e6-06fdc2f23043,82:ae9a001517d39cec11e3fca98a126727}(|)Розница(|)3
{"#",44a01d39-c2b6-4751-85e6-06fdc2f23043,82:ae9a001517d39cec11e3fca99cb5289c}(|)Розница(|)30
{"#",44a01d39-c2b6-4751-85e6-06fdc2f23043,82:ae9a001517d39cec11e3fca99cb528a2}(|)Розница(|)200
{"#",44a01d39-c2b6-4751-85e6-06fdc2f23043,82:ae9a001517d39cec11e3fca9aee0b483}(|)Розница(|)30
{"#",44a01d39-c2b6-4751-85e6-06fdc2f23043,82:ae9a001517d39cec11e3fca9d9399911}(|)Розница(|)20
{"#",44a01d39-c2b6-4751-85e6-06fdc2f23043,82:ae9a001517d39cec11e3fca9e597cbef}(|)Розница(|)20
{"#",44a01d39-c2b6-4751-85e6-06fdc2f23043,82:ae9a001517d39cec11e3fcaa2e70e5cb}(|)Розница(|)97
{"#",44a01d39-c2b6-4751-85e6-06fdc2f23043,82:ae9a001517d39cec11e3fcaa3a7ba652}(|)Розница(|)50
{"#",44a01d39-c2b6-4751-85e6-06fdc2f23043,82:ae9a001517d39cec11e3fcaa40954aae}(|)Розница(|)30
{"#",44a01d39-c2b6-4751-85e6-06fdc2f23043,82:ae9a001517d39cec11e3fcaa40954ab5}(|)Розница(|)200
{"#",44a01d39-c2b6-4751-85e6-06fdc2f23043,82:ae9a001517d39cec11e3fcaa468ff05a}(|)Розница(|)10
{"#",44a01d39-c2b6-4751-85e6-06fdc2f23043,82:ae9a001517d39cec11e3fcaa52d1870d}(|)Розница(|)20
{"#",44a01d39-c2b6-4751-85e6-06fdc2f23043,82:ae9a001517d39cec11e3fcaab4519198}(|)Розница(|)100
{"#",44a01d39-c2b6-4751-85e6-06fdc2f23043,82:ae9a001517d39cec11e3fcab035c273d}(|)Розница(|)30
{"#",44a01d39-c2b6-4751-85e6-06fdc2f23043,82:ae9a001517d39cec11e3fcab21a32428}(|)Розница(|)200
{"#",44a01d39-c2b6-4751-85e6-06fdc2f23043,82:ae9a001517d39cec11e3fcab279b678c}(|)Розница(|)50
{"#",44a01d39-c2b6-4751-85e6-06fdc2f23043,82:ae9a001517d39cec11e3fcab33e8e9da}(|)Розница(|)8
{"#",44a01d39-c2b6-4751-85e6-06fdc2f23043,82:ae9a001517d39cec11e3fcab45e98b76}(|)Розница(|)8
{"#",44a01d39-c2b6-4751-85e6-06fdc2f23043,82:ae9a001517d39cec11e3fcab5209c131}(|)Розница(|)80
{"#",44a01d39-c2b6-4751-85e6-06fdc2f23043,82:ae9a001517d39cec11e3fcab5e1e0b3e}(|)Розница(|)100
{"#",44a01d39-c2b6-4751-85e6-06fdc2f23043,82:ae9a001517d39cec11e3fcab76469f35}(|)Розница(|)60
{"#",44a01d39-c2b6-4751-85e6-06fdc2f23043,82:ae9a001517d39cec11e3fcab76469f47}(|)Розница(|)29
{"#",44a01d39-c2b6-4751-85e6-06fdc2f23043,82:ae9a001517d39cec11e3fcab7c43a743}(|)Розница(|)20
{"#",44a01d39-c2b6-4751-85e6-06fdc2f23043,82:ae9a001517d39cec11e3fcab7c43a746}(|)Розница(|)20
{"#",44a01d39-c2b6-4751-85e6-06fdc2f23043,82:ae9a001517d39cec11e3fcab8e5c2051}(|)Розница(|)20
{"#",44a01d39-c2b6-4751-85e6-06fdc2f23043,82:ae9a001517d39cec11e3fcab8e5c2057}(|)Розница(|)40
{"#",44a01d39-c2b6-4751-85e6-06fdc2f23043,82:ae9a001517d39cec11e3fcabb95724c5}(|)Розница(|)100
{"#",44a01d39-c2b6-4751-85e6-06fdc2f23043,82:ae9a001517d39cec11e3fcabde27d46d}(|)Розница(|)10
{"#",44a01d39-c2b6-4751-85e6-06fdc2f23043,82:ae9a001517d39cec11e3fcabde27d473}(|)Розница(|)20
{"#",44a01d39-c2b6-4751-85e6-06fdc2f23043,82:ae9a001517d39cec11e3fcabe42c03ad}(|)Розница(|)250
{"#",44a01d39-c2b6-4751-85e6-06fdc2f23043,82:ae9a001517d39cec11e3fcabf659f1e4}(|)Розница(|)80
{"#",44a01d39-c2b6-4751-85e6-06fdc2f23043,82:ae9a001517d39cec11e3fcac33022586}(|)Розница(|)197
{"#",44a01d39-c2b6-4751-85e6-06fdc2f23043,82:ae9a001517d39cec11e3fcac392a17e5}(|)Розница(|)8
{"#",44a01d39-c2b6-4751-85e6-06fdc2f23043,82:ae9a001517d39cec11e3fcac456bae8d}(|)Розница(|)50
{"#",44a01d39-c2b6-4751-85e6-06fdc2f23043,82:ae9a001517d39cec11e3fcac4b8edc3b}(|)Розница(|)233
{"#",44a01d39-c2b6-4751-85e6-06fdc2f23043,82:ae9a001517d39cec11e3fcac5190a921}(|)Розница(|)48
{"#",44a01d39-c2b6-4751-85e6-06fdc2f23043,82:ae9a001517d39cec11e3fcac75eee7ef}(|)Розница(|)40
{"#",44a01d39-c2b6-4751-85e6-06fdc2f23043,82:ae9a001517d39cec11e3fcac9435e4e4}(|)Розница(|)100
{"#",44a01d39-c2b6-4751-85e6-06fdc2f23043,82:ae9a001517d39cec11e3fcaca0751925}(|)Розница(|)120
{"#",44a01d39-c2b6-4751-85e6-06fdc2f23043,82:ae9a001517d39cec11e3fcaca676e5e9}(|)Розница(|)20
{"#",44a01d39-c2b6-4751-85e6-06fdc2f23043,82:ae9a001517d39cec11e3fcaca676e5f2}(|)Розница(|)60
{"#",44a01d39-c2b6-4751-85e6-06fdc2f23043,82:ae9a001517d39cec11e3fcacb2dc3fe1}(|)Розница(|)30
{"#",44a01d39-c2b6-4751-85e6-06fdc2f23043,82:ae9a001517d39cec11e3fcacefe16f3e}(|)Розница(|)51
{"#",44a01d39-c2b6-4751-85e6-06fdc2f23043,82:ae9a001517d39cec11e3fcacf5d9b2a7}(|)Розница(|)8
{"#",44a01d39-c2b6-4751-85e6-06fdc2f23043,82:ae9a001517d39cec11e3fcacf5d9b2aa}(|)Розница(|)40
{"#",44a01d39-c2b6-4751-85e6-06fdc2f23043,82:ae9a001517d39cec11e3fcacf5d9b2ad}(|)Розница(|)8
{"#",44a01d39-c2b6-4751-85e6-06fdc2f23043,82:ae9a001517d39cec11e3fcad01d3c2b6}(|)Розница(|)250
{"#",44a01d39-c2b6-4751-85e6-06fdc2f23043,82:ae9a001517d39cec11e3fcad4b15c416}(|)Розница(|)149
{"#",44a01d39-c2b6-4751-85e6-06fdc2f23043,82:ae9a001517d39cec11e3fcad5131cac0}(|)Розница(|)30
{"#",44a01d39-c2b6-4751-85e6-06fdc2f23043,82:ae9a001517d39cec11e3fcad5131cac9}(|)Розница(|)8
{"#",44a01d39-c2b6-4751-85e6-06fdc2f23043,82:ae9a001517d39cec11e3fcad636e071b}(|)Розница(|)250
{"#",44a01d39-c2b6-4751-85e6-06fdc2f23043,82:ae9a001517d39cec11e3fcad636e0721}(|)Розница(|)20
{"#",44a01d39-c2b6-4751-85e6-06fdc2f23043,82:ae9a001517d39cec11e3fcad6fad3b7b}(|)Розница(|)200
{"#",44a01d39-c2b6-4751-85e6-06fdc2f23043,82:ae9a001517d39cec11e3fcac57d9fc50}(|)Розница(|)80
{"#",44a01d39-c2b6-4751-85e6-06fdc2f23043,82:ae63001517d39cec11e678bc28b8681d}(|)Опт(|)1
{"#",44a01d39-c2b6-4751-85e6-06fdc2f23043,82:9298001517d39cec11e583900160cd9f}(|)Опт(|)68
{"#",44a01d39-c2b6-4751-85e6-06fdc2f23043,82:9298001517d39cec11e5839050512976}(|)Опт(|)100
{"#",44a01d39-c2b6-4751-85e6-06fdc2f23043,82:9298001517d39cec11e583a5a375bb34}(|)Опт(|)50
{"#",44a01d39-c2b6-4751-85e6-06fdc2f23043,82:9298001517d39cec11e583a63605a9be}(|)Опт(|)150
{"#",44a01d39-c2b6-4751-85e6-06fdc2f23043,82:9298001517d39cec11e583a7a087b5f6}(|)Опт(|)20
{"#",44a01d39-c2b6-4751-85e6-06fdc2f23043,82:9298001517d39cec11e6438b35fa42cc}(|)Опт(|)40
{"#",44a01d39-c2b6-4751-85e6-06fdc2f23043,82:9ce9001517d39cec11e490121d59cfd6}(|)Опт(|)27
{"#",44a01d39-c2b6-4751-85e6-06fdc2f23043,82:9ce9001517d39cec11e4901298aad0e0}(|)Опт(|)200
{"#",44a01d39-c2b6-4751-85e6-06fdc2f23043,82:9ce9001517d39cec11e49012f6e86456}(|)Опт(|)150
{"#",44a01d39-c2b6-4751-85e6-06fdc2f23043,82:9ce9001517d39cec11e4901387991a36}(|)Опт(|)40
{"#",44a01d39-c2b6-4751-85e6-06fdc2f23043,82:9ce9001517d39cec11e4901455110262}(|)Опт(|)20
{"#",44a01d39-c2b6-4751-85e6-06fdc2f23043,82:9ce9001517d39cec11e49017a48f8838}(|)Опт(|)80
{"#",44a01d39-c2b6-4751-85e6-06fdc2f23043,82:9ce9001517d39cec11e49017ed5a5408}(|)Опт(|)80
{"#",44a01d39-c2b6-4751-85e6-06fdc2f23043,82:9ce9001517d39cec11e490c9ba0c8e2e}(|)Опт(|)80
{"#",44a01d39-c2b6-4751-85e6-06fdc2f23043,82:9ce9001517d39cec11e490cc58336990}(|)Опт(|)180
{"#",44a01d39-c2b6-4751-85e6-06fdc2f23043,82:9ce9001517d39cec11e490cca335a50c}(|)Опт(|)150
{"#",44a01d39-c2b6-4751-85e6-06fdc2f23043,82:9ce9001517d39cec11e490cce13066b2}(|)Опт(|)80
{"#",44a01d39-c2b6-4751-85e6-06fdc2f23043,82:9ce9001517d39cec11e490cd6d87b264}(|)Опт(|)4
{"#",44a01d39-c2b6-4751-85e6-06fdc2f23043,82:9ce9001517d39cec11e490cdb71f8870}(|)Опт(|)29
{"#",44a01d39-c2b6-4751-85e6-06fdc2f23043,82:9ce9001517d39cec11e490ce179e14fa}(|)Опт(|)80
{"#",44a01d39-c2b6-4751-85e6-06fdc2f23043,82:9ce9001517d39cec11e490cea63659c0}(|)Опт(|)150
{"#",44a01d39-c2b6-4751-85e6-06fdc2f23043,82:9ce9001517d39cec11e490cf631a6824}(|)Опт(|)100
{"#",44a01d39-c2b6-4751-85e6-06fdc2f23043,82:ae63001517d39cec11e678b4e175e468}(|)Опт(|)9
{"#",44a01d39-c2b6-4751-85e6-06fdc2f23043,82:ae63001517d39cec11e678b52fa521c7}(|)Опт(|)1
{"#",44a01d39-c2b6-4751-85e6-06fdc2f23043,82:ae63001517d39cec11e678b556fe5120}(|)Опт(|)20
{"#",44a01d39-c2b6-4751-85e6-06fdc2f23043,82:ae63001517d39cec11e678b5814b49ed}(|)Опт(|)4
{"#",44a01d39-c2b6-4751-85e6-06fdc2f23043,82:ae63001517d39cec11e678b5aa709f20}(|)Опт(|)5
{"#",44a01d39-c2b6-4751-85e6-06fdc2f23043,82:ae63001517d39cec11e678b669508266}(|)Опт(|)10
{"#",44a01d39-c2b6-4751-85e6-06fdc2f23043,82:ae63001517d39cec11e678b6bdf19b0d}(|)Опт(|)15
{"#",44a01d39-c2b6-4751-85e6-06fdc2f23043,82:ae63001517d39cec11e678b71b0eb1f8}(|)Опт(|)9
{"#",44a01d39-c2b6-4751-85e6-06fdc2f23043,82:ae63001517d39cec11e678b7a1c38ef8}(|)Опт(|)10
{"#",44a01d39-c2b6-4751-85e6-06fdc2f23043,82:ae63001517d39cec11e678b98606112a}(|)Опт(|)20
{"#",44a01d39-c2b6-4751-85e6-06fdc2f23043,82:ae63001517d39cec11e678b9f6efef82}(|)Опт(|)5
{"#",44a01d39-c2b6-4751-85e6-06fdc2f23043,82:ae63001517d39cec11e678bbab5fa66f}(|)Опт(|)18
{"#",44a01d39-c2b6-4751-85e6-06fdc2f23043,82:ae63001517d39cec11e678bddf219191}(|)Опт(|)2
{"#",44a01d39-c2b6-4751-85e6-06fdc2f23043,82:ae63001517d39cec11e678be32000dc4}(|)Опт(|)12
{"#",44a01d39-c2b6-4751-85e6-06fdc2f23043,82:ae63001517d39cec11e678be77f8710e}(|)Опт(|)2
{"#",44a01d39-c2b6-4751-85e6-06fdc2f23043,82:ae63001517d39cec11e678bebc166062}(|)Опт(|)10
{"#",44a01d39-c2b6-4751-85e6-06fdc2f23043,82:ae9a001517d39cec11e3fca848375377}(|)Опт(|)20
{"#",44a01d39-c2b6-4751-85e6-06fdc2f23043,82:ae9a001517d39cec11e3fca85a902bfd}(|)Опт(|)200
{"#",44a01d39-c2b6-4751-85e6-06fdc2f23043,82:ae9a001517d39cec11e3fca86cb490d7}(|)Опт(|)100
{"#",44a01d39-c2b6-4751-85e6-06fdc2f23043,82:ae9a001517d39cec11e3fca8afa3b595}(|)Опт(|)150
{"#",44a01d39-c2b6-4751-85e6-06fdc2f23043,82:ae9a001517d39cec11e3fca8afa3b598}(|)Опт(|)50
{"#",44a01d39-c2b6-4751-85e6-06fdc2f23043,82:ae9a001517d39cec11e3fca8bbb33ad3}(|)Опт(|)80
{"#",44a01d39-c2b6-4751-85e6-06fdc2f23043,82:ae9a001517d39cec11e3fca8c7b936a0}(|)Опт(|)100
{"#",44a01d39-c2b6-4751-85e6-06fdc2f23043,82:ae9a001517d39cec11e3fca9163721a4}(|)Опт(|)50
{"#",44a01d39-c2b6-4751-85e6-06fdc2f23043,82:ae9a001517d39cec11e3fca96bcdcc71}(|)Опт(|)200
{"#",44a01d39-c2b6-4751-85e6-06fdc2f23043,82:ae9a001517d39cec11e3fca9a8ce3734}(|)Опт(|)100
{"#",44a01d39-c2b6-4751-85e6-06fdc2f23043,82:ae9a001517d39cec11e3fca9fe05840c}(|)Опт(|)100
{"#",44a01d39-c2b6-4751-85e6-06fdc2f23043,82:ae9a001517d39cec11e3fcaa040c1575}(|)Опт(|)150
{"#",44a01d39-c2b6-4751-85e6-06fdc2f23043,82:ae9a001517d39cec11e3fcaa040c157f}(|)Опт(|)150
{"#",44a01d39-c2b6-4751-85e6-06fdc2f23043,82:ae9a001517d39cec11e3fcaa5f131da4}(|)Опт(|)100
{"#",44a01d39-c2b6-4751-85e6-06fdc2f23043,82:ae9a001517d39cec11e3fcaa95a40f90}(|)Опт(|)200
{"#",44a01d39-c2b6-4751-85e6-06fdc2f23043,82:ae9a001517d39cec11e3fcaa95a40f93}(|)Опт(|)200
{"#",44a01d39-c2b6-4751-85e6-06fdc2f23043,82:ae9a001517d39cec11e3fcaaa1e5a62e}(|)Опт(|)100
{"#",44a01d39-c2b6-4751-85e6-06fdc2f23043,82:ae9a001517d39cec11e3fcaaf728dea6}(|)Опт(|)130
{"#",44a01d39-c2b6-4751-85e6-06fdc2f23043,82:ae9a001517d39cec11e3fcaaf728dec7}(|)Опт(|)100
{"#",44a01d39-c2b6-4751-85e6-06fdc2f23043,82:ae9a001517d39cec11e3fcab5209c128}(|)Опт(|)150
{"#",44a01d39-c2b6-4751-85e6-06fdc2f23043,82:ae9a001517d39cec11e3fcab641fd7e7}(|)Опт(|)40
{"#",44a01d39-c2b6-4751-85e6-06fdc2f23043,82:ae9a001517d39cec11e3fcaba0b4f8ce}(|)Опт(|)40
{"#",44a01d39-c2b6-4751-85e6-06fdc2f23043,82:ae9a001517d39cec11e3fcabf659f1de}(|)Опт(|)80
{"#",44a01d39-c2b6-4751-85e6-06fdc2f23043,82:ae9a001517d39cec11e3fcabf659f1e1}(|)Опт(|)20
{"#",44a01d39-c2b6-4751-85e6-06fdc2f23043,82:ae9a001517d39cec11e3fcac028875a7}(|)Опт(|)150
{"#",44a01d39-c2b6-4751-85e6-06fdc2f23043,82:ae9a001517d39cec11e3fcac028875c6}(|)Опт(|)100
{"#",44a01d39-c2b6-4751-85e6-06fdc2f23043,82:ae9a001517d39cec11e3fcac14bb28b5}(|)Опт(|)100
{"#",44a01d39-c2b6-4751-85e6-06fdc2f23043,82:ae9a001517d39cec11e3fcac75eee7e6}(|)Опт(|)80
{"#",44a01d39-c2b6-4751-85e6-06fdc2f23043,82:ae9a001517d39cec11e3fcacd7466a86}(|)Опт(|)100
{"#",44a01d39-c2b6-4751-85e6-06fdc2f23043,82:ae9a001517d39cec11e3fcad1a653e24}(|)Опт(|)200
{"#",44a01d39-c2b6-4751-85e6-06fdc2f23043,82:ae9a001517d39cec11e3fcad2064a87e}(|)Опт(|)50
{"#",44a01d39-c2b6-4751-85e6-06fdc2f23043,82:ae9a001517d39cec11e3fcad327d2190}(|)Опт(|)70
{"#",44a01d39-c2b6-4751-85e6-06fdc2f23043,82:ae9a001517d39cec11e3fca8c7b936c7}(|)Опт(|)4
{"#",44a01d39-c2b6-4751-85e6-06fdc2f23043,82:ae9a001517d39cec11e3fca965a377d3}(|)Опт(|)150
{"#",44a01d39-c2b6-4751-85e6-06fdc2f23043,82:ae9a001517d39cec11e3fcaab4519198}(|)Опт(|)150
{"#",44a01d39-c2b6-4751-85e6-06fdc2f23043,82:ae9a001517d39cec11e3fcab21a32428}(|)Опт(|)250
{"#",44a01d39-c2b6-4751-85e6-06fdc2f23043,82:ae9a001517d39cec11e3fcab5e1e0b3e}(|)Опт(|)150
{"#",44a01d39-c2b6-4751-85e6-06fdc2f23043,82:ae9a001517d39cec11e3fcab76469f35}(|)Опт(|)80
{"#",44a01d39-c2b6-4751-85e6-06fdc2f23043,82:ae9a001517d39cec11e3fcabb95724c5}(|)Опт(|)150
{"#",44a01d39-c2b6-4751-85e6-06fdc2f23043,82:ae9a001517d39cec11e3fcac33022586}(|)Опт(|)243
{"#",44a01d39-c2b6-4751-85e6-06fdc2f23043,82:ae9a001517d39cec11e3fcacefe16f3e}(|)Опт(|)91
{"#",44a01d39-c2b6-4751-85e6-06fdc2f23043,82:ae9a001517d39cec11e3fca82a357aca}(|)Опт(|)20
{"#",44a01d39-c2b6-4751-85e6-06fdc2f23043,82:ae9a001517d39cec11e3fca830302055}(|)Опт(|)80
{"#",44a01d39-c2b6-4751-85e6-06fdc2f23043,82:ae9a001517d39cec11e3fca83c446a82}(|)Опт(|)30
{"#",44a01d39-c2b6-4751-85e6-06fdc2f23043,82:ae9a001517d39cec11e3fca84e5ce366}(|)Опт(|)40
{"#",44a01d39-c2b6-4751-85e6-06fdc2f23043,82:ae9a001517d39cec11e3fca85a902c0f}(|)Опт(|)8
{"#",44a01d39-c2b6-4751-85e6-06fdc2f23043,82:ae9a001517d39cec11e3fca88b3e4fb4}(|)Опт(|)250
{"#",44a01d39-c2b6-4751-85e6-06fdc2f23043,82:ae9a001517d39cec11e3fca8978e3476}(|)Опт(|)30
{"#",44a01d39-c2b6-4751-85e6-06fdc2f23043,82:ae9a001517d39cec11e3fca8bbb33abf}(|)Опт(|)100
{"#",44a01d39-c2b6-4751-85e6-06fdc2f23043,82:ae9a001517d39cec11e3fca8dfceb7e9}(|)Опт(|)20
{"#",44a01d39-c2b6-4751-85e6-06fdc2f23043,82:ae9a001517d39cec11e3fca8dfceb7ec}(|)Опт(|)79
{"#",44a01d39-c2b6-4751-85e6-06fdc2f23043,82:ae9a001517d39cec11e3fca8fde3a35c}(|)Опт(|)40
{"#",44a01d39-c2b6-4751-85e6-06fdc2f23043,82:ae9a001517d39cec11e3fca9347e1e86}(|)Опт(|)80
{"#",44a01d39-c2b6-4751-85e6-06fdc2f23043,82:ae9a001517d39cec11e3fca93abde893}(|)Опт(|)120
{"#",44a01d39-c2b6-4751-85e6-06fdc2f23043,82:ae9a001517d39cec11e3fca940f428e7}(|)Опт(|)8
{"#",44a01d39-c2b6-4751-85e6-06fdc2f23043,82:ae9a001517d39cec11e3fca971cd36f6}(|)Опт(|)10
{"#",44a01d39-c2b6-4751-85e6-06fdc2f23043,82:ae9a001517d39cec11e3fca983e34db0}(|)Опт(|)250
{"#",44a01d39-c2b6-4751-85e6-06fdc2f23043,82:ae9a001517d39cec11e3fca983e34db3}(|)Опт(|)20
{"#",44a01d39-c2b6-4751-85e6-06fdc2f23043,82:ae9a001517d39cec11e3fca98a126709}(|)Опт(|)20
{"#",44a01d39-c2b6-4751-85e6-06fdc2f23043,82:ae9a001517d39cec11e3fca99cb5289c}(|)Опт(|)40
{"#",44a01d39-c2b6-4751-85e6-06fdc2f23043,82:ae9a001517d39cec11e3fca99cb528a2}(|)Опт(|)220
{"#",44a01d39-c2b6-4751-85e6-06fdc2f23043,82:ae9a001517d39cec11e3fca9aee0b483}(|)Опт(|)30
{"#",44a01d39-c2b6-4751-85e6-06fdc2f23043,82:ae9a001517d39cec11e3fca9d9399911}(|)Опт(|)20
{"#",44a01d39-c2b6-4751-85e6-06fdc2f23043,82:ae9a001517d39cec11e3fca9e597cbef}(|)Опт(|)20
{"#",44a01d39-c2b6-4751-85e6-06fdc2f23043,82:ae9a001517d39cec11e3fcaa2e70e5cb}(|)Опт(|)90
{"#",44a01d39-c2b6-4751-85e6-06fdc2f23043,82:ae9a001517d39cec11e3fcaa3a7ba652}(|)Опт(|)50
{"#",44a01d39-c2b6-4751-85e6-06fdc2f23043,82:ae9a001517d39cec11e3fcaa40954aae}(|)Опт(|)40
{"#",44a01d39-c2b6-4751-85e6-06fdc2f23043,82:ae9a001517d39cec11e3fcaa40954ab5}(|)Опт(|)220
{"#",44a01d39-c2b6-4751-85e6-06fdc2f23043,82:ae9a001517d39cec11e3fcaa468ff05a}(|)Опт(|)10
{"#",44a01d39-c2b6-4751-85e6-06fdc2f23043,82:ae9a001517d39cec11e3fcaa52d1870d}(|)Опт(|)12
{"#",44a01d39-c2b6-4751-85e6-06fdc2f23043,82:ae9a001517d39cec11e3fcab035c273d}(|)Опт(|)30
{"#",44a01d39-c2b6-4751-85e6-06fdc2f23043,82:ae9a001517d39cec11e3fcab279b678c}(|)Опт(|)50
{"#",44a01d39-c2b6-4751-85e6-06fdc2f23043,82:ae9a001517d39cec11e3fcab33e8e9da}(|)Опт(|)3
{"#",44a01d39-c2b6-4751-85e6-06fdc2f23043,82:ae9a001517d39cec11e3fcab45e98b76}(|)Опт(|)8
{"#",44a01d39-c2b6-4751-85e6-06fdc2f23043,82:ae9a001517d39cec11e3fcab5209c131}(|)Опт(|)100
{"#",44a01d39-c2b6-4751-85e6-06fdc2f23043,82:ae9a001517d39cec11e3fcab7c43a743}(|)Опт(|)20
{"#",44a01d39-c2b6-4751-85e6-06fdc2f23043,82:ae9a001517d39cec11e3fcab7c43a746}(|)Опт(|)20
{"#",44a01d39-c2b6-4751-85e6-06fdc2f23043,82:ae9a001517d39cec11e3fcab8e5c2051}(|)Опт(|)20
{"#",44a01d39-c2b6-4751-85e6-06fdc2f23043,82:ae9a001517d39cec11e3fcab8e5c2057}(|)Опт(|)40
{"#",44a01d39-c2b6-4751-85e6-06fdc2f23043,82:ae9a001517d39cec11e3fcabde27d46d}(|)Опт(|)10
{"#",44a01d39-c2b6-4751-85e6-06fdc2f23043,82:ae9a001517d39cec11e3fcabe42c03ad}(|)Опт(|)250
{"#",44a01d39-c2b6-4751-85e6-06fdc2f23043,82:ae9a001517d39cec11e3fcabf659f1e4}(|)Опт(|)120
{"#",44a01d39-c2b6-4751-85e6-06fdc2f23043,82:ae9a001517d39cec11e3fcac392a17e5}(|)Опт(|)8
{"#",44a01d39-c2b6-4751-85e6-06fdc2f23043,82:ae9a001517d39cec11e3fcac456bae8d}(|)Опт(|)80
{"#",44a01d39-c2b6-4751-85e6-06fdc2f23043,82:ae9a001517d39cec11e3fcac57d9fc50}(|)Опт(|)220
{"#",44a01d39-c2b6-4751-85e6-06fdc2f23043,82:ae9a001517d39cec11e3fcac75eee7ef}(|)Опт(|)50
{"#",44a01d39-c2b6-4751-85e6-06fdc2f23043,82:ae9a001517d39cec11e3fcac9435e4e4}(|)Опт(|)100
{"#",44a01d39-c2b6-4751-85e6-06fdc2f23043,82:ae9a001517d39cec11e3fcaca0751925}(|)Опт(|)150
{"#",44a01d39-c2b6-4751-85e6-06fdc2f23043,82:ae9a001517d39cec11e3fcaca676e5e9}(|)Опт(|)30
{"#",44a01d39-c2b6-4751-85e6-06fdc2f23043,82:ae9a001517d39cec11e3fcaca676e5f2}(|)Опт(|)60
{"#",44a01d39-c2b6-4751-85e6-06fdc2f23043,82:ae9a001517d39cec11e3fcacb2dc3fe1}(|)Опт(|)40
{"#",44a01d39-c2b6-4751-85e6-06fdc2f23043,82:ae9a001517d39cec11e3fcacf5d9b2a7}(|)Опт(|)8
{"#",44a01d39-c2b6-4751-85e6-06fdc2f23043,82:ae9a001517d39cec11e3fcacf5d9b2aa}(|)Опт(|)40
{"#",44a01d39-c2b6-4751-85e6-06fdc2f23043,82:ae9a001517d39cec11e3fcacf5d9b2ad}(|)Опт(|)8
{"#",44a01d39-c2b6-4751-85e6-06fdc2f23043,82:ae9a001517d39cec11e3fcad01d3c2b6}(|)Опт(|)250
{"#",44a01d39-c2b6-4751-85e6-06fdc2f23043,82:ae9a001517d39cec11e3fcad5131cac0}(|)Опт(|)30
{"#",44a01d39-c2b6-4751-85e6-06fdc2f23043,82:ae9a001517d39cec11e3fcad5131cac9}(|)Опт(|)8
{"#",44a01d39-c2b6-4751-85e6-06fdc2f23043,82:ae9a001517d39cec11e3fcad636e071b}(|)Опт(|)250
{"#",44a01d39-c2b6-4751-85e6-06fdc2f23043,82:ae9a001517d39cec11e3fcad6fad3b7b}(|)Опт(|)220
{"#",44a01d39-c2b6-4751-85e6-06fdc2f23043,82:ae9a001517d39cec11e3fcaa347514f6}(|)Опт(|)10
{"#",44a01d39-c2b6-4751-85e6-06fdc2f23043,82:ae9a001517d39cec11e3fca830302068}(|)Опт(|)17
