{"#",78c31531-d1a0-4645-805c-fdf731e63b89,146:8b12a2a2f92037224b26d5a318b93a86}(|)DDU
{"#",78c31531-d1a0-4645-805c-fdf731e63b89,146:ae9a001517d39cec11e3fcadca253680}(|)EXW
{"#",78c31531-d1a0-4645-805c-fdf731e63b89,146:adb702f897561d43457caee4d0519519}(|)VIRT
{"#",78c31531-d1a0-4645-805c-fdf731e63b89,146:9c80001517d39cec11e50b78762337ce}(|)закупка
{"#",78c31531-d1a0-4645-805c-fdf731e63b89,146:9c80001517d39cec11e4fdf430383016}(|)Закупка $
{"#",78c31531-d1a0-4645-805c-fdf731e63b89,146:9c80001517d39cec11e531399b1b3d7e}(|)Закупка $
{"#",78c31531-d1a0-4645-805c-fdf731e63b89,146:9298001517d39cec11e58dfcbeb98f18}(|)Закупка грн
{"#",78c31531-d1a0-4645-805c-fdf731e63b89,146:9298001517d39cec11e64519f76221a2}(|)Закупка грн
{"#",78c31531-d1a0-4645-805c-fdf731e63b89,146:9c80001517d39cec11e51039f834323e}(|)Закупка грн
{"#",78c31531-d1a0-4645-805c-fdf731e63b89,146:9c80001517d39cec11e5103a378181d0}(|)Закупка грн
{"#",78c31531-d1a0-4645-805c-fdf731e63b89,146:9c80001517d39cec11e54718338cdd08}(|)Закупка грн
{"#",78c31531-d1a0-4645-805c-fdf731e63b89,146:9c80001517d39cec11e55d105976898e}(|)Закупка грн
{"#",78c31531-d1a0-4645-805c-fdf731e63b89,146:a34f001517d39cec11e57177f27209f8}(|)Закупка грн
{"#",78c31531-d1a0-4645-805c-fdf731e63b89,146:a34f001517d39cec11e5717817798fc8}(|)Закупка грн
{"#",78c31531-d1a0-4645-805c-fdf731e63b89,146:aaa6001517d39cec11e7c4560de9bf86}(|)Закупка грн
{"#",78c31531-d1a0-4645-805c-fdf731e63b89,146:9c80001517d39cec11e565ce44c3b2d6}(|)Закупка, грн
{"#",78c31531-d1a0-4645-805c-fdf731e63b89,146:aa970025909438d711ea38346524b0ff}(|)закупка, грн
{"#",78c31531-d1a0-4645-805c-fdf731e63b89,146:aa980025909438d611ea6548daf02b1e}(|)Закупка, грн
{"#",78c31531-d1a0-4645-805c-fdf731e63b89,146:ae9a001517d39cec11e3fcadb80cbd5c}(|)Закупка, грн
{"#",78c31531-d1a0-4645-805c-fdf731e63b89,146:8ba73a19647144924160ee50c52ef8f6}(|)Распродажа
{"#",78c31531-d1a0-4645-805c-fdf731e63b89,146:ae9a001517d39cec11e3fcadca253676}(|)Цена 1
{"#",78c31531-d1a0-4645-805c-fdf731e63b89,146:ae9a001517d39cec11e3fcadca25366a}(|)Цена 2
{"#",78c31531-d1a0-4645-805c-fdf731e63b89,146:ae9a001517d39cec11e3fcadd0223e88}(|)Цена 3
