{"#",17109bd5-185a-4c0d-882b-5caa61400c01,160:9298001517d39cec11e624057b3a74a6}|1
{"#",17109bd5-185a-4c0d-882b-5caa61400c01,160:92f7001517d39cec11e70d82146eba50}|1
{"#",17109bd5-185a-4c0d-882b-5caa61400c01,160:92f7001517d39cec11e7146aa9925864}|1
{"#",17109bd5-185a-4c0d-882b-5caa61400c01,160:92f7001517d39cec11e715ec3b23b330}|1
{"#",17109bd5-185a-4c0d-882b-5caa61400c01,160:a0ef001517d39cec11e7ae6386e3d345}|1
{"#",17109bd5-185a-4c0d-882b-5caa61400c01,160:aa930025909438d611e92b94eb774842}|1
{"#",17109bd5-185a-4c0d-882b-5caa61400c01,160:aa930025909438d611e93becd7a9a5c4}|1
{"#",17109bd5-185a-4c0d-882b-5caa61400c01,160:ab77001517d39cec11e7a1e90e54a16e}|1
{"#",17109bd5-185a-4c0d-882b-5caa61400c01,160:ab77001517d39cec11e7a296f2f32b8b}|1
{"#",17109bd5-185a-4c0d-882b-5caa61400c01,160:ae63001517d39cec11e6a7f2e6eecbfe}|1
{"#",17109bd5-185a-4c0d-882b-5caa61400c01,160:ae63001517d39cec11e6d8bc8c4faf26}|1
{"#",17109bd5-185a-4c0d-882b-5caa61400c01,160:ae63001517d39cec11e6dcbf54d35d96}|1
{"#",17109bd5-185a-4c0d-882b-5caa61400c01,160:ae63001517d39cec11e6eebf48788146}|1
{"#",17109bd5-185a-4c0d-882b-5caa61400c01,160:ae63001517d39cec11e6f8dd4b6530c4}|1
{"#",17109bd5-185a-4c0d-882b-5caa61400c01,160:ae9a001517d39cec11e3fcad0e1094a8}|1
{"#",17109bd5-185a-4c0d-882b-5caa61400c01,160:b7df001517d39cec11e7407ecd4b8529}|1
{"#",17109bd5-185a-4c0d-882b-5caa61400c01,160:b7df001517d39cec11e74ab1c33aa31b}|1
{"#",17109bd5-185a-4c0d-882b-5caa61400c01,160:b7df001517d39cec11e751c871c33bbe}|1
{"#",17109bd5-185a-4c0d-882b-5caa61400c01,160:b7df001517d39cec11e7685ddca9abab}|1
{"#",17109bd5-185a-4c0d-882b-5caa61400c01,160:b7df001517d39cec11e7689aa1478c44}|1
{"#",17109bd5-185a-4c0d-882b-5caa61400c01,160:aa930025909438d611e95b5e6c09f9b4}|1,7%
{"#",17109bd5-185a-4c0d-882b-5caa61400c01,160:9c80001517d39cec11e5676784a1b230}|2,5%
{"#",17109bd5-185a-4c0d-882b-5caa61400c01,160:b7df001517d39cec11e77394d937b430}|3%
{"#",17109bd5-185a-4c0d-882b-5caa61400c01,160:aa930025909438d611e9941436734c07}|5%
{"#",17109bd5-185a-4c0d-882b-5caa61400c01,160:aa970025909438d711ea06b1ea005999}|5,5 %
{"#",17109bd5-185a-4c0d-882b-5caa61400c01,160:9c80001517d39cec11e567649b92d530}|6%
{"#",17109bd5-185a-4c0d-882b-5caa61400c01,160:aaa10025909438d711eaf698df1e64c0}|7%
{"#",17109bd5-185a-4c0d-882b-5caa61400c01,160:aa930025909438d611e8ee5bbf2abb82}|Abro
{"#",17109bd5-185a-4c0d-882b-5caa61400c01,160:aa930025909438d611e8ee5a86e8347b}|Alpine
{"#",17109bd5-185a-4c0d-882b-5caa61400c01,160:aa930025909438d611e8ee5bd2ecd25c}|Auto Profi
{"#",17109bd5-185a-4c0d-882b-5caa61400c01,160:aa930025909438d611e929f314f437a5}|BlackMax
{"#",17109bd5-185a-4c0d-882b-5caa61400c01,160:aa930025909438d611e8ee58a97a6ea4}|BLITZ LINE
{"#",17109bd5-185a-4c0d-882b-5caa61400c01,160:aa930025909438d611e8ee5bdadced82}|Deca
{"#",17109bd5-185a-4c0d-882b-5caa61400c01,160:aa930025909438d611e929f302402005}|DecoBlik
{"#",17109bd5-185a-4c0d-882b-5caa61400c01,160:aa970025909438d711ea3776e11ee9f8}|DENCKERMANN
{"#",17109bd5-185a-4c0d-882b-5caa61400c01,160:aa930025909438d611e929f302402003}|ENERGIA
{"#",17109bd5-185a-4c0d-882b-5caa61400c01,160:aa930025909438d611e8ee5a0341195b}|EUROSTART
{"#",17109bd5-185a-4c0d-882b-5caa61400c01,160:aa930025909438d611e92dfe804f32d2}|F1
{"#",17109bd5-185a-4c0d-882b-5caa61400c01,160:aa930025909438d611e8ee5a9cdf72a3}|Felix
{"#",17109bd5-185a-4c0d-882b-5caa61400c01,160:aab00025909438d611eb28d3fff7d9e7}|Forse
{"#",17109bd5-185a-4c0d-882b-5caa61400c01,160:aa930025909438d611e929f2f742968a}|Forse Ista
{"#",17109bd5-185a-4c0d-882b-5caa61400c01,160:aa930025909438d611e8ee5c112ac6f9}|GM
{"#",17109bd5-185a-4c0d-882b-5caa61400c01,160:aa930025909438d611e929f2eee7b900}|GREEN POWER
{"#",17109bd5-185a-4c0d-882b-5caa61400c01,160:aa930025909438d611e929f2e659e5d5}|Jenox
{"#",17109bd5-185a-4c0d-882b-5caa61400c01,160:aa930025909438d611e929f2dc33f589}|Lion
{"#",17109bd5-185a-4c0d-882b-5caa61400c01,160:aa930025909438d611e92b94f5829e52}|LUX
{"#",17109bd5-185a-4c0d-882b-5caa61400c01,160:aa930025909438d611e8ee5a37c651ad}|MERCURY
{"#",17109bd5-185a-4c0d-882b-5caa61400c01,160:aa930025909438d611e8ee5bea116562}|Neste
{"#",17109bd5-185a-4c0d-882b-5caa61400c01,160:aa930025909438d611e8ee5bcac40afd}|New Formula
{"#",17109bd5-185a-4c0d-882b-5caa61400c01,160:aa930025909438d611e8ee5a4c0e99c5}|NordWay
{"#",17109bd5-185a-4c0d-882b-5caa61400c01,160:aa930025909438d611e8ee5bf99a187b}|Oil Formula
{"#",17109bd5-185a-4c0d-882b-5caa61400c01,160:aa930025909438d611e929f2dc33f587}|PERION
{"#",17109bd5-185a-4c0d-882b-5caa61400c01,160:aa930025909438d611e8ee5bdadced85}|Pro User
{"#",17109bd5-185a-4c0d-882b-5caa61400c01,160:aa930025909438d611e929f2d336c1c0}|Pulsar
{"#",17109bd5-185a-4c0d-882b-5caa61400c01,160:aa930025909438d611e8ee5aac6a018c}|SIBIRIA
{"#",17109bd5-185a-4c0d-882b-5caa61400c01,160:aa930025909438d611e8ee5c06fe590d}|SIBOIL
{"#",17109bd5-185a-4c0d-882b-5caa61400c01,160:aa930025909438d611e8ee5c39ea3872}|SINTEC
{"#",17109bd5-185a-4c0d-882b-5caa61400c01,160:aa930025909438d611e8ee58e9ff6ce0}|SOLITE R
{"#",17109bd5-185a-4c0d-882b-5caa61400c01,160:aa930025909438d611e8ee5a73a0ac50}|Starex
{"#",17109bd5-185a-4c0d-882b-5caa61400c01,160:aa930025909438d611e8ee59f7d378e3}|STARTER EX
{"#",17109bd5-185a-4c0d-882b-5caa61400c01,160:aa930025909438d611e8ee5c456998f6}|Synoptic
{"#",17109bd5-185a-4c0d-882b-5caa61400c01,160:aa930025909438d611e8ee5be19ea0c9}|Telwin
{"#",17109bd5-185a-4c0d-882b-5caa61400c01,160:aa930025909438d611e955e07581d4e0}|TURBO PULS
{"#",17109bd5-185a-4c0d-882b-5caa61400c01,160:aa930025909438d611e8ee5c2801e005}|Turtle Wax
{"#",17109bd5-185a-4c0d-882b-5caa61400c01,160:aa930025909438d611e929f2c346488c}|Varta
{"#",17109bd5-185a-4c0d-882b-5caa61400c01,160:aa930025909438d611e929f2b90e66ed}|WD-40
{"#",17109bd5-185a-4c0d-882b-5caa61400c01,160:aa930025909438d611e8ee5b88d8d437}|Wolver
{"#",17109bd5-185a-4c0d-882b-5caa61400c01,160:aa930025909438d611e8ee5b99b9d62a}|Yuko
{"#",17109bd5-185a-4c0d-882b-5caa61400c01,160:aa930025909438d611e955e3d25dfe9c}|Yukoil
{"#",17109bd5-185a-4c0d-882b-5caa61400c01,160:aa930025909438d611e8f3ce0775c90f}|Zollex
{"#",17109bd5-185a-4c0d-882b-5caa61400c01,160:aa930025909438d611e8ee5bcac40afe}|АИДА
{"#",17109bd5-185a-4c0d-882b-5caa61400c01,160:aa930025909438d611e8ee5b7da2492a}|Аляска
{"#",17109bd5-185a-4c0d-882b-5caa61400c01,160:aa930025909438d611e92dfe8ce2cc06}|АРКТИКА
{"#",17109bd5-185a-4c0d-882b-5caa61400c01,160:aa930025909438d611e8ee5c4b738f7e}|ВАМП
{"#",17109bd5-185a-4c0d-882b-5caa61400c01,160:aa930025909438d611e8ee5bb67e85b7}|Дзержинский
{"#",17109bd5-185a-4c0d-882b-5caa61400c01,160:aa930025909438d611e92deddad00ca2}|Запорожавтобытхим
{"#",17109bd5-185a-4c0d-882b-5caa61400c01,160:aa930025909438d611e955dff9a91de9}|Нова Формула
{"#",17109bd5-185a-4c0d-882b-5caa61400c01,160:aa930025909438d611e8ee5c5193ace8}|Тайга
{"#",17109bd5-185a-4c0d-882b-5caa61400c01,160:aa930025909438d611e8ee5c3191bb86}|Тайфун
{"#",17109bd5-185a-4c0d-882b-5caa61400c01,160:aa930025909438d611e8ee5c1b043884}|ТНК
{"#",17109bd5-185a-4c0d-882b-5caa61400c01,160:aaa10025909438d711eaf74635176500}|1A FIRST AUTOMOTIVE
{"#",17109bd5-185a-4c0d-882b-5caa61400c01,160:aaa10025909438d711eaf73f37da3b6e}|3Effe Group
{"#",17109bd5-185a-4c0d-882b-5caa61400c01,160:aaa10025909438d711eaf67f1df15379}|3F QUALITY
{"#",17109bd5-185a-4c0d-882b-5caa61400c01,160:aa990025909438d611eabf901c68582e}|3K
{"#",17109bd5-185a-4c0d-882b-5caa61400c01,160:aa990025909438d611eabf5e124b6b81}|3RG
{"#",17109bd5-185a-4c0d-882b-5caa61400c01,160:aa990025909438d611eabf5b91a66cbd}|4u
{"#",17109bd5-185a-4c0d-882b-5caa61400c01,160:aa990025909438d611eabf5e28d2cbf6}|555
{"#",17109bd5-185a-4c0d-882b-5caa61400c01,160:aa990025909438d611eabf655a75f2e9}|A.B.A
{"#",17109bd5-185a-4c0d-882b-5caa61400c01,160:aa990025909438d611eabf5e432dc734}|A.B.S.
{"#",17109bd5-185a-4c0d-882b-5caa61400c01,160:aa990025909438d611eabf5b576afaa4}|ABA
{"#",17109bd5-185a-4c0d-882b-5caa61400c01,160:b7df001517d39cec11e751b9c69872ee}|ABE
{"#",17109bd5-185a-4c0d-882b-5caa61400c01,160:aa990025909438d611eabf5e606fddfa}|ABEX
{"#",17109bd5-185a-4c0d-882b-5caa61400c01,160:aaa10025909438d711eaf747503ba972}|Ac Rolcar
{"#",17109bd5-185a-4c0d-882b-5caa61400c01,160:aa990025909438d611eabf5e9cb98631}|ACEMARK
{"#",17109bd5-185a-4c0d-882b-5caa61400c01,160:aaa10025909438d711eaf680f74e8a72}|ACI-AVESA
{"#",17109bd5-185a-4c0d-882b-5caa61400c01,160:aaa10025909438d711eaf695f5e60d10}|ACKOJAP
{"#",17109bd5-185a-4c0d-882b-5caa61400c01,160:aaa10025909438d711eaf7409f0130ba}|ACR
{"#",17109bd5-185a-4c0d-882b-5caa61400c01,160:aaa10025909438d711eaf73f06b60044}|AD KUHNER
{"#",17109bd5-185a-4c0d-882b-5caa61400c01,160:aa990025909438d611eabf5d614bd76c}|AE
{"#",17109bd5-185a-4c0d-882b-5caa61400c01,160:aa990025909438d611eabf5b14bf3645}|AES
{"#",17109bd5-185a-4c0d-882b-5caa61400c01,160:aa990025909438d611eabf9902e02c14}|AFA
{"#",17109bd5-185a-4c0d-882b-5caa61400c01,160:aaa10025909438d711eaf6834853e95d}|AHE
{"#",17109bd5-185a-4c0d-882b-5caa61400c01,160:aaa10025909438d711eaf69619889383}|AINDE
{"#",17109bd5-185a-4c0d-882b-5caa61400c01,160:aaa10025909438d711eaf73ee861b5e5}|AIR FREN
{"#",17109bd5-185a-4c0d-882b-5caa61400c01,160:aa990025909438d611eabf5ed70d3fc2}|AIRTEX
{"#",17109bd5-185a-4c0d-882b-5caa61400c01,160:b7df001517d39cec11e770658657bb16}|AISIN
{"#",17109bd5-185a-4c0d-882b-5caa61400c01,160:aaa10025909438d711eaf67cfd29f06e}|AJUSA
{"#",17109bd5-185a-4c0d-882b-5caa61400c01,160:aaa10025909438d711eaf685787a4091}|AKEBONO
{"#",17109bd5-185a-4c0d-882b-5caa61400c01,160:aa990025909438d611eabf97005f1fb1}|AKS DASIS
{"#",17109bd5-185a-4c0d-882b-5caa61400c01,160:aa990025909438d611eabf5f0f97a9ed}|ALANKO
{"#",17109bd5-185a-4c0d-882b-5caa61400c01,160:aa990025909438d611eabf90d001cacc}|ALCO FILTER
{"#",17109bd5-185a-4c0d-882b-5caa61400c01,160:aa990025909438d611eabf5949a257aa}|ALKAR
{"#",17109bd5-185a-4c0d-882b-5caa61400c01,160:aa990025909438d611eabd1db26eacd6}|AL-KO
{"#",17109bd5-185a-4c0d-882b-5caa61400c01,160:aa990025909438d611eabf65c1bed538}|ALLIGATOR
{"#",17109bd5-185a-4c0d-882b-5caa61400c01,160:aa990025909438d611eabf957546a46a}|ALLMAKES
{"#",17109bd5-185a-4c0d-882b-5caa61400c01,160:aa990025909438d611eabf8fcca1ecd0}|AMC
{"#",17109bd5-185a-4c0d-882b-5caa61400c01,160:aa990025909438d611eabf9158b444dc}|AMC Filter
{"#",17109bd5-185a-4c0d-882b-5caa61400c01,160:aa990025909438d611eabf5b7cabf62b}|AMD
{"#",17109bd5-185a-4c0d-882b-5caa61400c01,160:aaa10025909438d711eaf69b2da87d57}|AMK
{"#",17109bd5-185a-4c0d-882b-5caa61400c01,160:aaa10025909438d711eaf682dc9c2f23}|ANGLI
{"#",17109bd5-185a-4c0d-882b-5caa61400c01,160:aa990025909438d611eabf5f3b4d068c}|AP
{"#",17109bd5-185a-4c0d-882b-5caa61400c01,160:aaa10025909438d711eaf68534b0c0d1}|AP Automotive Prod.
{"#",17109bd5-185a-4c0d-882b-5caa61400c01,160:aa990025909438d611eabf5f4db7cd6b}|APEC braking
{"#",17109bd5-185a-4c0d-882b-5caa61400c01,160:aaa10025909438d711eaf687abab85c5}|APPROVED GREEN
{"#",17109bd5-185a-4c0d-882b-5caa61400c01,160:aaa10025909438d711eaf744f605dbaa}|ARAL
{"#",17109bd5-185a-4c0d-882b-5caa61400c01,160:aa990025909438d611eabf96dfed0cfa}|AS
{"#",17109bd5-185a-4c0d-882b-5caa61400c01,160:aa990025909438d611eabf5f64a5f350}|AS METAL
{"#",17109bd5-185a-4c0d-882b-5caa61400c01,160:aa990025909438d611eabf5a3fc919ca}|ASAM
{"#",17109bd5-185a-4c0d-882b-5caa61400c01,160:aa990025909438d611eabf5cc9a50d7d}|ASHIKA
{"#",17109bd5-185a-4c0d-882b-5caa61400c01,160:aa990025909438d611eabf5f85a1a297}|ASHUKI
{"#",17109bd5-185a-4c0d-882b-5caa61400c01,160:aaa10025909438d711eaf744b975bca0}|ASIMCO
{"#",17109bd5-185a-4c0d-882b-5caa61400c01,160:aaa10025909438d711eaf74619244615}|AS-PL
{"#",17109bd5-185a-4c0d-882b-5caa61400c01,160:aa990025909438d611eabf8834eb5bfd}|ASSO
{"#",17109bd5-185a-4c0d-882b-5caa61400c01,160:aaa10025909438d711eaf7408365ae57}|ASVA
{"#",17109bd5-185a-4c0d-882b-5caa61400c01,160:aaa10025909438d711eaf67ecd201537}|ASYSUM
{"#",17109bd5-185a-4c0d-882b-5caa61400c01,160:a79d001517d39cec11e812f1bf37eab3}|ATE
{"#",17109bd5-185a-4c0d-882b-5caa61400c01,160:aaa10025909438d711eaf7406e8ab9d2}|ATI
{"#",17109bd5-185a-4c0d-882b-5caa61400c01,160:aa990025909438d611eabf5fefa0a251}|ATL Autotechnik
{"#",17109bd5-185a-4c0d-882b-5caa61400c01,160:aa990025909438d611eabf64f64bb6e0}|AUGER
{"#",17109bd5-185a-4c0d-882b-5caa61400c01,160:aa990025909438d611eabf9401041b6f}|AUTEX
{"#",17109bd5-185a-4c0d-882b-5caa61400c01,160:aa990025909438d611eabf982934119d}|AUTO AIR GLOUCESTER
{"#",17109bd5-185a-4c0d-882b-5caa61400c01,160:aaa10025909438d711eaf695d1ca0ba9}|AUTOCLIMA
{"#",17109bd5-185a-4c0d-882b-5caa61400c01,160:aaa10025909438d711eaf691f7fabed2}|AUTOELECTRO
{"#",17109bd5-185a-4c0d-882b-5caa61400c01,160:aaa10025909438d711eaf6806e68f607}|AUTOFREN SEINSA
{"#",17109bd5-185a-4c0d-882b-5caa61400c01,160:aaa10025909438d711eaf692371e6524}|AUTOGAMMA
{"#",17109bd5-185a-4c0d-882b-5caa61400c01,160:aaa10025909438d711eaf68b436fb878}|AUTOKIT
{"#",17109bd5-185a-4c0d-882b-5caa61400c01,160:aa990025909438d611eabf6009e60750}|AUTOMEGA
{"#",17109bd5-185a-4c0d-882b-5caa61400c01,160:aaa10025909438d711eaf73f7a9342b0}|Automotive Bearings
{"#",17109bd5-185a-4c0d-882b-5caa61400c01,160:aa990025909438d611eabf6018ed5d9a}|AUTOMOTOR FRANCE
{"#",17109bd5-185a-4c0d-882b-5caa61400c01,160:aaa10025909438d711eaf688d129b741}|AUTOTEAM
{"#",17109bd5-185a-4c0d-882b-5caa61400c01,160:aaa10025909438d711eaf67f9039a31e}|AVA QUALITY COOLING
{"#",17109bd5-185a-4c0d-882b-5caa61400c01,160:aa990025909438d611eabf604269ac71}|AYD
{"#",17109bd5-185a-4c0d-882b-5caa61400c01,160:aa990025909438d611eabf609a993987}|AYWIPARTS
{"#",17109bd5-185a-4c0d-882b-5caa61400c01,160:aaa10025909438d711eaf684cdf77458}|BANDO
{"#",17109bd5-185a-4c0d-882b-5caa61400c01,160:aa990025909438d611eabf60b38cbcf1}|BARUM
{"#",17109bd5-185a-4c0d-882b-5caa61400c01,160:aa990025909438d611eabf60d1f221c1}|BBR Automotive
{"#",17109bd5-185a-4c0d-882b-5caa61400c01,160:aaa10025909438d711eaf67e73bde3e8}|BBT
{"#",17109bd5-185a-4c0d-882b-5caa61400c01,160:aaa10025909438d711eaf67cd8941ac2}|BE TURBO
{"#",17109bd5-185a-4c0d-882b-5caa61400c01,160:a0ef001517d39cec11e7aff6f6baeab4}|BEHR
{"#",17109bd5-185a-4c0d-882b-5caa61400c01,160:aa990025909438d611eabf610d3c53c9}|BEHR-HELLA
{"#",17109bd5-185a-4c0d-882b-5caa61400c01,160:aaa10025909438d711eaf695fd9cb30e}|BELACO
{"#",17109bd5-185a-4c0d-882b-5caa61400c01,160:aa990025909438d611eabf56679360bd}|BENDIX
{"#",17109bd5-185a-4c0d-882b-5caa61400c01,160:aa990025909438d611eabf6143de6b53}|BENDIX-AU
{"#",17109bd5-185a-4c0d-882b-5caa61400c01,160:aaa6001517d39cec11e7c55c8c43e594}|BERAL
{"#",17109bd5-185a-4c0d-882b-5caa61400c01,160:aa930025909438d611e929f314f437a7}|BERGA
{"#",17109bd5-185a-4c0d-882b-5caa61400c01,160:aaa10025909438d711eaf6921088ef36}|BERGKRAFT
{"#",17109bd5-185a-4c0d-882b-5caa61400c01,160:aa990025909438d611eabc7348fab210}|BERU
{"#",17109bd5-185a-4c0d-882b-5caa61400c01,160:aaa10025909438d711eaf68078591787}|BF
{"#",17109bd5-185a-4c0d-882b-5caa61400c01,160:aaa10025909438d711eaf6852d42051e}|BGA
{"#",17109bd5-185a-4c0d-882b-5caa61400c01,160:ae63001517d39cec11e6f3667da47f0d}|BILSTEIN
{"#",17109bd5-185a-4c0d-882b-5caa61400c01,160:aa990025909438d611eabf6171e52131}|BIRTH
{"#",17109bd5-185a-4c0d-882b-5caa61400c01,160:ae63001517d39cec11e6d8d5b2357da8}|BLIC
{"#",17109bd5-185a-4c0d-882b-5caa61400c01,160:aa990025909438d611eabf58dd99e823}|BLUE PRINT
{"#",17109bd5-185a-4c0d-882b-5caa61400c01,160:aaa10025909438d711eaf6833652e8f3}|BM CATALYSTS
{"#",17109bd5-185a-4c0d-882b-5caa61400c01,160:aa990025909438d611eabc7399d906ed}|BOGE
{"#",17109bd5-185a-4c0d-882b-5caa61400c01,160:aa990025909438d611eabf618f739e84}|BORG & BECK
{"#",17109bd5-185a-4c0d-882b-5caa61400c01,160:aa990025909438d611eabf960e5da7cb}|BorgWarner
{"#",17109bd5-185a-4c0d-882b-5caa61400c01,160:aa990025909438d611eabf61acd32980}|Borsehung
{"#",17109bd5-185a-4c0d-882b-5caa61400c01,160:ae63001517d39cec11e6d8d5b2357db1}|BOSAL
{"#",17109bd5-185a-4c0d-882b-5caa61400c01,160:aa930025909438d611e929f30de80276}|BOSCH
{"#",17109bd5-185a-4c0d-882b-5caa61400c01,160:aa990025909438d611eabf61d1cc4a47}|BOSCH DIAGNOSTICS
{"#",17109bd5-185a-4c0d-882b-5caa61400c01,160:aaa10025909438d711eaf6859b3f2219}|BOSS FILTERS
{"#",17109bd5-185a-4c0d-882b-5caa61400c01,160:aaa10025909438d711eaf67ee3c94621}|BOUGICORD
{"#",17109bd5-185a-4c0d-882b-5caa61400c01,160:aa990025909438d611eabf94e4150a38}|Brake ENGINEERING
{"#",17109bd5-185a-4c0d-882b-5caa61400c01,160:aaa10025909438d711eaf68007956f4a}|BRAXIS
{"#",17109bd5-185a-4c0d-882b-5caa61400c01,160:aaa10025909438d711eaf684c4a24ef2}|BRECAV
{"#",17109bd5-185a-4c0d-882b-5caa61400c01,160:aa990025909438d611eabf5d0314f54a}|BRECK
{"#",17109bd5-185a-4c0d-882b-5caa61400c01,160:aa990025909438d611eabf5894a3f6b9}|BRECO
{"#",17109bd5-185a-4c0d-882b-5caa61400c01,160:aaa10025909438d711eaf67e7b3aee09}|BREDA LORETT
{"#",17109bd5-185a-4c0d-882b-5caa61400c01,160:92f7001517d39cec11e7266885bb3102}|BREMBO
{"#",17109bd5-185a-4c0d-882b-5caa61400c01,160:aa990025909438d611eabf56596b222b}|BREMI
{"#",17109bd5-185a-4c0d-882b-5caa61400c01,160:aa990025909438d611eabf9432b56f89}|BREMSI
{"#",17109bd5-185a-4c0d-882b-5caa61400c01,160:aa9a0025909438d711ead8a181f71e1a}|BRINK
{"#",17109bd5-185a-4c0d-882b-5caa61400c01,160:aaa10025909438d711eaf681d2b35819}|BRISK
{"#",17109bd5-185a-4c0d-882b-5caa61400c01,160:aaa10025909438d711eaf7444e1f1542}|BROVEX-NELSON
{"#",17109bd5-185a-4c0d-882b-5caa61400c01,160:aaa10025909438d711eaf73f72656d33}|BRT Bearings
{"#",17109bd5-185a-4c0d-882b-5caa61400c01,160:aaa10025909438d711eaf743322c5627}|BSF
{"#",17109bd5-185a-4c0d-882b-5caa61400c01,160:aa990025909438d611eabf62084595d7}|BSG
{"#",17109bd5-185a-4c0d-882b-5caa61400c01,160:aaa10025909438d711eaf74200a4337b}|BTA
{"#",17109bd5-185a-4c0d-882b-5caa61400c01,160:aaa10025909438d711eaf67e2880194e}|BTS Turbo
{"#",17109bd5-185a-4c0d-882b-5caa61400c01,160:aaa10025909438d711eaf743e30fe7ea}|BUCHLI
{"#",17109bd5-185a-4c0d-882b-5caa61400c01,160:aaa10025909438d711eaf67cc2300fac}|BUDWEG CALIPER
{"#",17109bd5-185a-4c0d-882b-5caa61400c01,160:aa990025909438d611eabf8e91c2e753}|BUGATTI
{"#",17109bd5-185a-4c0d-882b-5caa61400c01,160:aa990025909438d611eabf62658fd03a}|BUGIAD
{"#",17109bd5-185a-4c0d-882b-5caa61400c01,160:aaa10025909438d711eaf68524e73bf0}|CABOR
{"#",17109bd5-185a-4c0d-882b-5caa61400c01,160:aaa10025909438d711eaf741ccbdf960}|CAFFARO
{"#",17109bd5-185a-4c0d-882b-5caa61400c01,160:aaa10025909438d711eaf69af2399098}|CALIBER
{"#",17109bd5-185a-4c0d-882b-5caa61400c01,160:aaa10025909438d711eaf67fe71b1c2c}|CALIX
{"#",17109bd5-185a-4c0d-882b-5caa61400c01,160:aaa10025909438d711eaf67efa098d14}|CALORSTAT by Vernet
{"#",17109bd5-185a-4c0d-882b-5caa61400c01,160:aa990025909438d611eabf5938a41ed0}|CAMPRO
{"#",17109bd5-185a-4c0d-882b-5caa61400c01,160:aa990025909438d611eabf8eef4412e4}|CAR
{"#",17109bd5-185a-4c0d-882b-5caa61400c01,160:aaa10025909438d711eaf696380f9233}|CARBOX
{"#",17109bd5-185a-4c0d-882b-5caa61400c01,160:a79d001517d39cec11e7fb901e7e2d5c}|CARGOPARTS
{"#",17109bd5-185a-4c0d-882b-5caa61400c01,160:aaa10025909438d711eaf7410a98d6a7}|CARLUBE
{"#",17109bd5-185a-4c0d-882b-5caa61400c01,160:aa990025909438d611eabf975f0b84f2}|CARPRISS
{"#",17109bd5-185a-4c0d-882b-5caa61400c01,160:aaa10025909438d711eaf73f9b3d739b}|CARRAB BRAKE PARTS
{"#",17109bd5-185a-4c0d-882b-5caa61400c01,160:aaa10025909438d711eaf73fd6de5eeb}|CASALS
{"#",17109bd5-185a-4c0d-882b-5caa61400c01,160:aa990025909438d611eabf629eef4b7d}|CASCO
{"#",17109bd5-185a-4c0d-882b-5caa61400c01,160:aa990025909438d611eabf5db16e3128}|CASTROL
{"#",17109bd5-185a-4c0d-882b-5caa61400c01,160:aa990025909438d611eabf62b15e2eff}|CAUTEX
{"#",17109bd5-185a-4c0d-882b-5caa61400c01,160:aaa10025909438d711eaf67fe71b1c2b}|CDX
{"#",17109bd5-185a-4c0d-882b-5caa61400c01,160:aaa10025909438d711eaf6802381cc34}|CEF
{"#",17109bd5-185a-4c0d-882b-5caa61400c01,160:aaa10025909438d711eaf681a76f72ca}|CENTRA
{"#",17109bd5-185a-4c0d-882b-5caa61400c01,160:aa990025909438d611eabf62dc4b95df}|CEVAM
{"#",17109bd5-185a-4c0d-882b-5caa61400c01,160:ae63001517d39cec11e6ec7ad60728df}|CHAMPION
{"#",17109bd5-185a-4c0d-882b-5caa61400c01,160:aa990025909438d611eabf63274eba3e}|CHAMPION LUBRICANTS
{"#",17109bd5-185a-4c0d-882b-5caa61400c01,160:aa990025909438d611eabf6354737442}|CIFAM
{"#",17109bd5-185a-4c0d-882b-5caa61400c01,160:aa990025909438d611eabf90dbab845d}|CLEAN FILTERS
{"#",17109bd5-185a-4c0d-882b-5caa61400c01,160:aa990025909438d611eabf9332295439}|ClimAir
{"#",17109bd5-185a-4c0d-882b-5caa61400c01,160:aaa10025909438d711eaf74197bb8495}|COBREQ
{"#",17109bd5-185a-4c0d-882b-5caa61400c01,160:aaa10025909438d711eaf7451af3ea5d}|COFLE
{"#",17109bd5-185a-4c0d-882b-5caa61400c01,160:aaa10025909438d711eaf681efb91064}|COJALI
{"#",17109bd5-185a-4c0d-882b-5caa61400c01,160:aa990025909438d611eabf63a50f6f1a}|COMLINE
{"#",17109bd5-185a-4c0d-882b-5caa61400c01,160:aa990025909438d611eabc6ef8d7e793}|CONTINENTAL
{"#",17109bd5-185a-4c0d-882b-5caa61400c01,160:92f7001517d39cec11e7059bf2803e12}|CONTITECH
{"#",17109bd5-185a-4c0d-882b-5caa61400c01,160:aaa10025909438d711eaf68378ed97cb}|CoopersFiaam
{"#",17109bd5-185a-4c0d-882b-5caa61400c01,160:aaa10025909438d711eaf67d0474e81e}|CORTECO
{"#",17109bd5-185a-4c0d-882b-5caa61400c01,160:aa990025909438d611eabf9324a4528e}|CS Germany
{"#",17109bd5-185a-4c0d-882b-5caa61400c01,160:aa990025909438d611eabf5ac28f0e76}|CTE
{"#",17109bd5-185a-4c0d-882b-5caa61400c01,160:92f7001517d39cec11e719f85f5d3aff}|CTR
{"#",17109bd5-185a-4c0d-882b-5caa61400c01,160:aa990025909438d611eabf63cef16481}|CV PSH
{"#",17109bd5-185a-4c0d-882b-5caa61400c01,160:aaa10025909438d711eaf68034b820b0}|DA SILVA
{"#",17109bd5-185a-4c0d-882b-5caa61400c01,160:9cb8001517d39cec11e7de797779fa82}|DAYCO
{"#",17109bd5-185a-4c0d-882b-5caa61400c01,160:92f7001517d39cec11e71f51d47acb5f}|DELPHI
{"#",17109bd5-185a-4c0d-882b-5caa61400c01,160:ae63001517d39cec11e6dcbf54d35d93}|DENSO
{"#",17109bd5-185a-4c0d-882b-5caa61400c01,160:aaa10025909438d711eaf680eea511e5}|DEPA
{"#",17109bd5-185a-4c0d-882b-5caa61400c01,160:aaa10025909438d711eaf6836bac9fc5}|DETA
{"#",17109bd5-185a-4c0d-882b-5caa61400c01,160:aa990025909438d611eabf6410133d59}|DIEDERICHS
{"#",17109bd5-185a-4c0d-882b-5caa61400c01,160:aaa10025909438d711eaf67f434d105b}|DINEX
{"#",17109bd5-185a-4c0d-882b-5caa61400c01,160:aa990025909438d611eabf6427638334}|DIPASPORT
{"#",17109bd5-185a-4c0d-882b-5caa61400c01,160:aa990025909438d611eabf6437bed98a}|DITAS
{"#",17109bd5-185a-4c0d-882b-5caa61400c01,160:aaa10025909438d711eaf6916ab0e6e7}|DIVINOL
{"#",17109bd5-185a-4c0d-882b-5caa61400c01,160:aa990025909438d611eabf64decbaa94}|DJ PARTS
{"#",17109bd5-185a-4c0d-882b-5caa61400c01,160:aaa10025909438d711eaf68ab843f320}|DODA
{"#",17109bd5-185a-4c0d-882b-5caa61400c01,160:aaa10025909438d711eaf6919296257f}|DOGA
{"#",17109bd5-185a-4c0d-882b-5caa61400c01,160:aa990025909438d611eabd1e3da238c3}|DOLZ
{"#",17109bd5-185a-4c0d-882b-5caa61400c01,160:aa990025909438d611eabf96d0de9533}|DON
{"#",17109bd5-185a-4c0d-882b-5caa61400c01,160:aaa10025909438d711eaf68928aa41c4}|DONALDSON
{"#",17109bd5-185a-4c0d-882b-5caa61400c01,160:aaa10025909438d711eaf68506391819}|DONMEZ
{"#",17109bd5-185a-4c0d-882b-5caa61400c01,160:aaa10025909438d711eaf69429ea1d43}|DPA
{"#",17109bd5-185a-4c0d-882b-5caa61400c01,160:aaa10025909438d711eaf67d46369c83}|Dr!ve+
{"#",17109bd5-185a-4c0d-882b-5caa61400c01,160:aa990025909438d611eabf6512cb5b64}|DRI
{"#",17109bd5-185a-4c0d-882b-5caa61400c01,160:aa990025909438d611eabf94b6d2b461}|DriveTec
{"#",17109bd5-185a-4c0d-882b-5caa61400c01,160:aa990025909438d611eabf653e53bed3}|DSS
{"#",17109bd5-185a-4c0d-882b-5caa61400c01,160:aa990025909438d611eabf65d8428282}|DT SPARE PARTS
{"#",17109bd5-185a-4c0d-882b-5caa61400c01,160:aaa10025909438d711eaf67e0562feff}|DUPLI COLOR
{"#",17109bd5-185a-4c0d-882b-5caa61400c01,160:aaa10025909438d711eaf746e1acca25}|DURER
{"#",17109bd5-185a-4c0d-882b-5caa61400c01,160:aa990025909438d611eabf5cea73e4d3}|DURON
{"#",17109bd5-185a-4c0d-882b-5caa61400c01,160:aa990025909438d611eabf9381e64407}|DYNAMATRIX
{"#",17109bd5-185a-4c0d-882b-5caa61400c01,160:aa990025909438d611eabf9445643c1e}|DYNAMAX
{"#",17109bd5-185a-4c0d-882b-5caa61400c01,160:aa990025909438d611eabf65fc4ce1ae}|E.T.F.
{"#",17109bd5-185a-4c0d-882b-5caa61400c01,160:aa990025909438d611eabf6638a959ce}|EAI
{"#",17109bd5-185a-4c0d-882b-5caa61400c01,160:aaa10025909438d711eaf73f4d289915}|EATON
{"#",17109bd5-185a-4c0d-882b-5caa61400c01,160:aa990025909438d611eabf8c1f279112}|EBERSPACHER
{"#",17109bd5-185a-4c0d-882b-5caa61400c01,160:aa990025909438d611eabf8fbff022eb}|ECS
{"#",17109bd5-185a-4c0d-882b-5caa61400c01,160:aa990025909438d611eabf93650c1ce1}|EDELMANN
{"#",17109bd5-185a-4c0d-882b-5caa61400c01,160:aaa10025909438d711eaf684e76992d6}|EDR
{"#",17109bd5-185a-4c0d-882b-5caa61400c01,160:aaa10025909438d711eaf6820ac2ed5f}|EEC
{"#",17109bd5-185a-4c0d-882b-5caa61400c01,160:aa990025909438d611eabf8e9add05b1}|EIBACH
{"#",17109bd5-185a-4c0d-882b-5caa61400c01,160:aaa10025909438d711eaf73fc746ec48}|ELECTRIC LIFE
{"#",17109bd5-185a-4c0d-882b-5caa61400c01,160:aaa10025909438d711eaf743bf0cef7b}|ELECTRO AUTO
{"#",17109bd5-185a-4c0d-882b-5caa61400c01,160:ae63001517d39cec11e6dcbf54d35d8a}|ELRING
{"#",17109bd5-185a-4c0d-882b-5caa61400c01,160:aa990025909438d611eabf66854246f4}|ELSTOCK
{"#",17109bd5-185a-4c0d-882b-5caa61400c01,160:aaa10025909438d711eaf68aaff998a7}|ELTA AUTOMOTIVE
{"#",17109bd5-185a-4c0d-882b-5caa61400c01,160:aaa10025909438d711eaf67f4bac9e94}|ELWIS ROYAL
{"#",17109bd5-185a-4c0d-882b-5caa61400c01,160:aaa10025909438d711eaf690aa1307c5}|EMINOX
{"#",17109bd5-185a-4c0d-882b-5caa61400c01,160:aa990025909438d611eabf97e3f6dbe7}|ENERGIZER
{"#",17109bd5-185a-4c0d-882b-5caa61400c01,160:aaa10025909438d711eaf68551e16460}|EPS
{"#",17109bd5-185a-4c0d-882b-5caa61400c01,160:aa990025909438d611eabf66aeb29ff2}|EQUAL QUALITY
{"#",17109bd5-185a-4c0d-882b-5caa61400c01,160:aa990025909438d611eabf66ca1be7ec}|ERA
{"#",17109bd5-185a-4c0d-882b-5caa61400c01,160:aa990025909438d611eabf66de2a19e7}|ERA Benelux
{"#",17109bd5-185a-4c0d-882b-5caa61400c01,160:aa990025909438d611eabf561346f458}|ERNST
{"#",17109bd5-185a-4c0d-882b-5caa61400c01,160:aa990025909438d611eabf624c4318c0}|ERT
{"#",17109bd5-185a-4c0d-882b-5caa61400c01,160:aaa10025909438d711eaf74321d885d5}|ESEN SKV
{"#",17109bd5-185a-4c0d-882b-5caa61400c01,160:ae63001517d39cec11e6d7f9ab3d87c7}|ET ENGINETEAM
{"#",17109bd5-185a-4c0d-882b-5caa61400c01,160:aaa10025909438d711eaf681f99d49da}|ETS
{"#",17109bd5-185a-4c0d-882b-5caa61400c01,160:aa990025909438d611eabf66f2aaddae}|EUROBRAKE
{"#",17109bd5-185a-4c0d-882b-5caa61400c01,160:aa990025909438d611eabf9783f8f977}|EUROCABLE
{"#",17109bd5-185a-4c0d-882b-5caa61400c01,160:aaa10025909438d711eaf74375363544}|EuroFlo
{"#",17109bd5-185a-4c0d-882b-5caa61400c01,160:aa990025909438d611eabf72f9a42031}|EUROL
{"#",17109bd5-185a-4c0d-882b-5caa61400c01,160:aa990025909438d611eabf67088cd661}|EUROTEC
{"#",17109bd5-185a-4c0d-882b-5caa61400c01,160:aa990025909438d611eabf73036b1c0b}|EXEDY
{"#",17109bd5-185a-4c0d-882b-5caa61400c01,160:ae63001517d39cec11e6a7480ec72096}|EXIDE
{"#",17109bd5-185a-4c0d-882b-5caa61400c01,160:aaa10025909438d711eaf67f84a378c0}|EYQUEM
{"#",17109bd5-185a-4c0d-882b-5caa61400c01,160:aa990025909438d611eabf96ad169aa9}|FA1
{"#",17109bd5-185a-4c0d-882b-5caa61400c01,160:aa990025909438d611eabf57b4a7dc45}|FACET
{"#",17109bd5-185a-4c0d-882b-5caa61400c01,160:92f7001517d39cec11e715ec3b23b333}|FAE
{"#",17109bd5-185a-4c0d-882b-5caa61400c01,160:b7df001517d39cec11e7616269fa8bf3}|FAG
{"#",17109bd5-185a-4c0d-882b-5caa61400c01,160:aa990025909438d611eabf6721837bce}|FAI AutoParts
{"#",17109bd5-185a-4c0d-882b-5caa61400c01,160:aa990025909438d611eabf673132c3ca}|FARCOM
{"#",17109bd5-185a-4c0d-882b-5caa61400c01,160:aa990025909438d611eabf675554a51c}|FARE SA
{"#",17109bd5-185a-4c0d-882b-5caa61400c01,160:aa990025909438d611eabd2692cdc9ca}|FAST
{"#",17109bd5-185a-4c0d-882b-5caa61400c01,160:aa990025909438d611eabf6793593d68}|FEBEST
{"#",17109bd5-185a-4c0d-882b-5caa61400c01,160:aa990025909438d611eabc7320899441}|FEBI BILSTEIN
{"#",17109bd5-185a-4c0d-882b-5caa61400c01,160:aaa10025909438d711eaf6833f608657}|FENNO
{"#",17109bd5-185a-4c0d-882b-5caa61400c01,160:aa8f0025909438d711e8680c688da069}|FERODO
{"#",17109bd5-185a-4c0d-882b-5caa61400c01,160:aa990025909438d611eabf67c62106d1}|FERODO RACING
{"#",17109bd5-185a-4c0d-882b-5caa61400c01,160:aaa10025909438d711eaf67db1de4899}|FERRON
{"#",17109bd5-185a-4c0d-882b-5caa61400c01,160:aaa10025909438d711eaf74628de1bf2}|Fersa Bearings
{"#",17109bd5-185a-4c0d-882b-5caa61400c01,160:aaa10025909438d711eaf67d73bdfade}|FI.BA
{"#",17109bd5-185a-4c0d-882b-5caa61400c01,160:aa990025909438d611eabf9495afcd22}|FIL FILTER
{"#",17109bd5-185a-4c0d-882b-5caa61400c01,160:92f7001517d39cec11e70a5a3476539a}|FILTRON
{"#",17109bd5-185a-4c0d-882b-5caa61400c01,160:ae9a001517d39cec11e3fca04f9ac301}|Finwhale
{"#",17109bd5-185a-4c0d-882b-5caa61400c01,160:aa990025909438d611eabf67ed21486d}|FIRST LINE
{"#",17109bd5-185a-4c0d-882b-5caa61400c01,160:aaa10025909438d711eaf6838791e75b}|FISPA
{"#",17109bd5-185a-4c0d-882b-5caa61400c01,160:aaa10025909438d711eaf74573d192f8}|FIT
{"#",17109bd5-185a-4c0d-882b-5caa61400c01,160:aaa10025909438d711eaf73f86e39242}|FLEETGUARD
{"#",17109bd5-185a-4c0d-882b-5caa61400c01,160:aa990025909438d611eabf67fc88bba3}|FLENNOR
{"#",17109bd5-185a-4c0d-882b-5caa61400c01,160:aaa10025909438d711eaf74661e63f93}|FOMAR Friction
{"#",17109bd5-185a-4c0d-882b-5caa61400c01,160:aaa10025909438d711eaf67ce4b4905f}|FONOS
{"#",17109bd5-185a-4c0d-882b-5caa61400c01,160:aa990025909438d611eabf682ccff524}|Forcetech
{"#",17109bd5-185a-4c0d-882b-5caa61400c01,160:aa990025909438d611eabf687d1881db}|FORMPART
{"#",17109bd5-185a-4c0d-882b-5caa61400c01,160:aa990025909438d611eabf68a0577a73}|FORTUNE LINE
{"#",17109bd5-185a-4c0d-882b-5caa61400c01,160:aa990025909438d611eabf56b9321ae7}|FRAM
{"#",17109bd5-185a-4c0d-882b-5caa61400c01,160:aa990025909438d611eabf68cdf99f79}|FRAP
{"#",17109bd5-185a-4c0d-882b-5caa61400c01,160:aaa10025909438d711eaf683144599dc}|FRAS-LE
{"#",17109bd5-185a-4c0d-882b-5caa61400c01,160:aa990025909438d611eabf68f05394eb}|FRECCIA
{"#",17109bd5-185a-4c0d-882b-5caa61400c01,160:aa990025909438d611eabf6903a984c0}|FREMAX
{"#",17109bd5-185a-4c0d-882b-5caa61400c01,160:aaa10025909438d711eaf681b01db01e}|FRENKIT
{"#",17109bd5-185a-4c0d-882b-5caa61400c01,160:aa990025909438d611eabf692fa2d281}|fri.tech.
{"#",17109bd5-185a-4c0d-882b-5caa61400c01,160:aa9a0025909438d711ead8a17616865a}|FRIESEN
{"#",17109bd5-185a-4c0d-882b-5caa61400c01,160:aa990025909438d611eabf9600921bc8}|FRIGAIR
{"#",17109bd5-185a-4c0d-882b-5caa61400c01,160:aa990025909438d611eabf69441f8f15}|FRITECH
{"#",17109bd5-185a-4c0d-882b-5caa61400c01,160:aa990025909438d611eabf569a2157fa}|FTE
{"#",17109bd5-185a-4c0d-882b-5caa61400c01,160:a79d001517d39cec11e80a65cdb62f77}|FULMEN
{"#",17109bd5-185a-4c0d-882b-5caa61400c01,160:aa990025909438d611eabf696082fe81}|G.U.D.
{"#",17109bd5-185a-4c0d-882b-5caa61400c01,160:aaa10025909438d711eaf74728251193}|G+M KAT
{"#",17109bd5-185a-4c0d-882b-5caa61400c01,160:aa990025909438d611eabd265b4a289e}|GABRIEL
{"#",17109bd5-185a-4c0d-882b-5caa61400c01,160:aa990025909438d611eabf907104d95e}|GALFER
{"#",17109bd5-185a-4c0d-882b-5caa61400c01,160:aaa10025909438d711eaf74036ac8b64}|GARRETT
{"#",17109bd5-185a-4c0d-882b-5caa61400c01,160:aa990025909438d611eabc6c5d6910d2}|GATES
{"#",17109bd5-185a-4c0d-882b-5caa61400c01,160:aaa10025909438d711eaf7401ffe90f2}|GE
{"#",17109bd5-185a-4c0d-882b-5caa61400c01,160:aaa10025909438d711eaf68f2e73a98e}|GEBE
{"#",17109bd5-185a-4c0d-882b-5caa61400c01,160:aaa10025909438d711eaf7453a78a681}|GEDORE
{"#",17109bd5-185a-4c0d-882b-5caa61400c01,160:aaa10025909438d711eaf68a33871d24}|GEMO
{"#",17109bd5-185a-4c0d-882b-5caa61400c01,160:aaa10025909438d711eaf67fe00e22eb}|GENERAL RICAMBI
{"#",17109bd5-185a-4c0d-882b-5caa61400c01,160:aaa10025909438d711eaf680db47f2f6}|GGT
{"#",17109bd5-185a-4c0d-882b-5caa61400c01,160:aa990025909438d611eabf6989e9390e}|GIRLING
{"#",17109bd5-185a-4c0d-882b-5caa61400c01,160:aaa10025909438d711eaf67e385327f1}|GK
{"#",17109bd5-185a-4c0d-882b-5caa61400c01,160:aa9a0025909438d711ead8a14c152302}|GLASER
{"#",17109bd5-185a-4c0d-882b-5caa61400c01,160:aa990025909438d611eabf92254e8f68}|GLYCO
{"#",17109bd5-185a-4c0d-882b-5caa61400c01,160:aaa10025909438d711eaf682f703e4ed}|GLYSANTIN
{"#",17109bd5-185a-4c0d-882b-5caa61400c01,160:aa990025909438d611eabf69de26b528}|GOETZE
{"#",17109bd5-185a-4c0d-882b-5caa61400c01,160:aa990025909438d611eabf947d08ba07}|GOODWILL
{"#",17109bd5-185a-4c0d-882b-5caa61400c01,160:aa990025909438d611eabf6a27368462}|GRAF
{"#",17109bd5-185a-4c0d-882b-5caa61400c01,160:aaa10025909438d711eaf691e288b19f}|GREENCAR Automotive
{"#",17109bd5-185a-4c0d-882b-5caa61400c01,160:aaa10025909438d711eaf69ad7dc79ec}|GS
{"#",17109bd5-185a-4c0d-882b-5caa61400c01,160:aa990025909438d611eabf6a91c13270}|GSP
{"#",17109bd5-185a-4c0d-882b-5caa61400c01,160:aaa10025909438d711eaf7440e8c4d8e}|GT Exhausts
{"#",17109bd5-185a-4c0d-882b-5caa61400c01,160:aaa10025909438d711eaf67f30187a4c}|HALDEX
{"#",17109bd5-185a-4c0d-882b-5caa61400c01,160:aaa10025909438d711eaf747647df09a}|HASTINGS PISTON RING
{"#",17109bd5-185a-4c0d-882b-5caa61400c01,160:aaa10025909438d711eaf74471b05cfc}|HAZET
{"#",17109bd5-185a-4c0d-882b-5caa61400c01,160:aaa10025909438d711eaf74689735933}|HC-Cargo
{"#",17109bd5-185a-4c0d-882b-5caa61400c01,160:aa990025909438d611eabf6ab5e51e29}|HC-PARTS
{"#",17109bd5-185a-4c0d-882b-5caa61400c01,160:b7df001517d39cec11e76c5412bc3e4e}|HELLA
{"#",17109bd5-185a-4c0d-882b-5caa61400c01,160:aaa10025909438d711eaf6896f4b3ee4}|HELLA GUTMANN
{"#",17109bd5-185a-4c0d-882b-5caa61400c01,160:aa990025909438d611eabf91466e61d1}|HENGST FILTER
{"#",17109bd5-185a-4c0d-882b-5caa61400c01,160:b7df001517d39cec11e737086df4f2c8}|HEPU
{"#",17109bd5-185a-4c0d-882b-5caa61400c01,160:aa990025909438d611eabf6b36e48e2c}|HERTH+BUSS ELPARTS
{"#",17109bd5-185a-4c0d-882b-5caa61400c01,160:aa990025909438d611eabf6b45d14965}|HERTH+BUSS JAKOPARTS
{"#",17109bd5-185a-4c0d-882b-5caa61400c01,160:aaa10025909438d711eaf697579abad7}|HIDRIA
{"#",17109bd5-185a-4c0d-882b-5caa61400c01,160:aa990025909438d611eabf5966a71276}|HITACHI
{"#",17109bd5-185a-4c0d-882b-5caa61400c01,160:aa990025909438d611eabf6baac7ac24}|HJS
{"#",17109bd5-185a-4c0d-882b-5caa61400c01,160:aa990025909438d611eabf5921a51b7e}|HOFFER
{"#",17109bd5-185a-4c0d-882b-5caa61400c01,160:aaa10025909438d711eaf742843afec0}|HSB GOLD
{"#",17109bd5-185a-4c0d-882b-5caa61400c01,160:aaa10025909438d711eaf740fbc47f6f}|HUF
{"#",17109bd5-185a-4c0d-882b-5caa61400c01,160:aa990025909438d611eabf6be7db7cd7}|HUTCHINSON
{"#",17109bd5-185a-4c0d-882b-5caa61400c01,160:aa990025909438d611eabf6c7fa62766}|ICER
{"#",17109bd5-185a-4c0d-882b-5caa61400c01,160:aaa10025909438d711eaf7475ab1811b}|IJS GROUP
{"#",17109bd5-185a-4c0d-882b-5caa61400c01,160:aaa10025909438d711eaf67e6268905d}|IMASAF
{"#",17109bd5-185a-4c0d-882b-5caa61400c01,160:aaa10025909438d711eaf68c4ee421e0}|IMEX
{"#",17109bd5-185a-4c0d-882b-5caa61400c01,160:aa990025909438d611eabd0541e02415}|INA
{"#",17109bd5-185a-4c0d-882b-5caa61400c01,160:aaa10025909438d711eaf68a67829140}|INTERVALVES
{"#",17109bd5-185a-4c0d-882b-5caa61400c01,160:aaa10025909438d711eaf745c8687d7d}|IPARLUX
{"#",17109bd5-185a-4c0d-882b-5caa61400c01,160:92f7001517d39cec11e709816478f2ee}|IPD
{"#",17109bd5-185a-4c0d-882b-5caa61400c01,160:aa990025909438d611eabf6c9ed3a6c8}|IPS Parts
{"#",17109bd5-185a-4c0d-882b-5caa61400c01,160:aa990025909438d611eabf8ee16081b7}|IPSA
{"#",17109bd5-185a-4c0d-882b-5caa61400c01,160:aaa10025909438d711eaf69282dc86cd}|ITSA
{"#",17109bd5-185a-4c0d-882b-5caa61400c01,160:aa990025909438d611eabf72e125bda0}|JANMOR
{"#",17109bd5-185a-4c0d-882b-5caa61400c01,160:aa990025909438d611eabf579cd9e29d}|JAPANPARTS
{"#",17109bd5-185a-4c0d-882b-5caa61400c01,160:aa990025909438d611eabf597bfb0f1d}|JAPKO
{"#",17109bd5-185a-4c0d-882b-5caa61400c01,160:aaa10025909438d711eaf741ecb7b121}|JC PREMIUM
{"#",17109bd5-185a-4c0d-882b-5caa61400c01,160:aaa10025909438d711eaf67fcd499da0}|JDEUS
{"#",17109bd5-185a-4c0d-882b-5caa61400c01,160:aaa10025909438d711eaf746034a8632}|JMP
{"#",17109bd5-185a-4c0d-882b-5caa61400c01,160:aaa10025909438d711eaf67cf7175343}|JOHNS
{"#",17109bd5-185a-4c0d-882b-5caa61400c01,160:aa990025909438d611eabf6c66be62a0}|JP GROUP
{"#",17109bd5-185a-4c0d-882b-5caa61400c01,160:aaa10025909438d711eaf699b775be4a}|JS ASAKASHI
{"#",17109bd5-185a-4c0d-882b-5caa61400c01,160:aaa10025909438d711eaf68a3eb46e45}|JTEKT
{"#",17109bd5-185a-4c0d-882b-5caa61400c01,160:aaa10025909438d711eaf74383850f44}|JUMASA
{"#",17109bd5-185a-4c0d-882b-5caa61400c01,160:aaa10025909438d711eaf687a13aa2aa}|JUNIOR
{"#",17109bd5-185a-4c0d-882b-5caa61400c01,160:aaa10025909438d711eaf74344b7a1c4}|JURATEK
{"#",17109bd5-185a-4c0d-882b-5caa61400c01,160:aa990025909438d611eabf63dbb4f5a9}|JURID
{"#",17109bd5-185a-4c0d-882b-5caa61400c01,160:aa990025909438d611eabf96221172d5}|K&N Filters
{"#",17109bd5-185a-4c0d-882b-5caa61400c01,160:aaa10025909438d711eaf69ae9c5ed6e}|KAISHIN
{"#",17109bd5-185a-4c0d-882b-5caa61400c01,160:aaa10025909438d711eaf68510e334cb}|KALE OTO RADYATÖR
{"#",17109bd5-185a-4c0d-882b-5caa61400c01,160:aa990025909438d611eabf57d56506c8}|KAMOKA
{"#",17109bd5-185a-4c0d-882b-5caa61400c01,160:aaa10025909438d711eaf741f7bf1f16}|KANACO
{"#",17109bd5-185a-4c0d-882b-5caa61400c01,160:aa990025909438d611eabf75badae6e4}|KAVO PARTS
{"#",17109bd5-185a-4c0d-882b-5caa61400c01,160:aa990025909438d611eabf75e0434f60}|KAWE
{"#",17109bd5-185a-4c0d-882b-5caa61400c01,160:b7df001517d39cec11e73f7af6e0dd04}|KAYABA
{"#",17109bd5-185a-4c0d-882b-5caa61400c01,160:aa990025909438d611eabf761856d1ec}|KEY PARTS
{"#",17109bd5-185a-4c0d-882b-5caa61400c01,160:aa990025909438d611eabf762ed701db}|KILEN
{"#",17109bd5-185a-4c0d-882b-5caa61400c01,160:aa990025909438d611eabf622f75207d}|KING
{"#",17109bd5-185a-4c0d-882b-5caa61400c01,160:aaa10025909438d711eaf6838e3abbd4}|KLARIUS
{"#",17109bd5-185a-4c0d-882b-5caa61400c01,160:aa990025909438d611eabf76b426fa9a}|KLAXCAR FRANCE
{"#",17109bd5-185a-4c0d-882b-5caa61400c01,160:9cb8001517d39cec11e7d44b45e1e0db}|Klokkerholm
{"#",17109bd5-185a-4c0d-882b-5caa61400c01,160:aaa10025909438d711eaf688c73bf835}|KM Germany
{"#",17109bd5-185a-4c0d-882b-5caa61400c01,160:aaa10025909438d711eaf6926b439ecd}|KM International
{"#",17109bd5-185a-4c0d-882b-5caa61400c01,160:ae63001517d39cec11e6eebf4878814c}|KNECHT
{"#",17109bd5-185a-4c0d-882b-5caa61400c01,160:aaa10025909438d711eaf67ebd732d03}|KNIPEX
{"#",17109bd5-185a-4c0d-882b-5caa61400c01,160:aa990025909438d611eabf7858fbc704}|KOLBENSCHMIDT
{"#",17109bd5-185a-4c0d-882b-5caa61400c01,160:aa990025909438d611eabd1b860a7ace}|KONI
{"#",17109bd5-185a-4c0d-882b-5caa61400c01,160:aa990025909438d611eabf78b2734de8}|KRAFT AUTOMOTIVE
{"#",17109bd5-185a-4c0d-882b-5caa61400c01,160:aaa10025909438d711eaf67d97f4f1fa}|KRAFTTECH
{"#",17109bd5-185a-4c0d-882b-5caa61400c01,160:aaa10025909438d711eaf691be048237}|KROON OIL
{"#",17109bd5-185a-4c0d-882b-5caa61400c01,160:aaa10025909438d711eaf6856ff950d8}|KS TOOLS
{"#",17109bd5-185a-4c0d-882b-5caa61400c01,160:aaa10025909438d711eaf73ebb5830d6}|KSH-KOSHIMO
{"#",17109bd5-185a-4c0d-882b-5caa61400c01,160:aaa10025909438d711eaf685586b39cc}|KW
{"#",17109bd5-185a-4c0d-882b-5caa61400c01,160:aa990025909438d611eabf790637abe5}|KWP
{"#",17109bd5-185a-4c0d-882b-5caa61400c01,160:aaa10025909438d711eaf74775bb7fd1}|LA.R.A.
{"#",17109bd5-185a-4c0d-882b-5caa61400c01,160:aa990025909438d611eabf5aa234a8f5}|LASO
{"#",17109bd5-185a-4c0d-882b-5caa61400c01,160:aaa10025909438d711eaf69611f1834d}|LAUBER
{"#",17109bd5-185a-4c0d-882b-5caa61400c01,160:aaa10025909438d711eaf73f62c0e6d3}|LECOY
{"#",17109bd5-185a-4c0d-882b-5caa61400c01,160:b7df001517d39cec11e7616269fa8bf0}|LEMFORDER
{"#",17109bd5-185a-4c0d-882b-5caa61400c01,160:aaa10025909438d711eaf67fc2e2441a}|LENCO
{"#",17109bd5-185a-4c0d-882b-5caa61400c01,160:aa990025909438d611eabf8ec6c0f6e3}|LESJOFORS
{"#",17109bd5-185a-4c0d-882b-5caa61400c01,160:aaa10025909438d711eaf74261466d38}|LIFT-TEK
{"#",17109bd5-185a-4c0d-882b-5caa61400c01,160:aaa10025909438d711eaf73f0dc09790}|LIPE CLUTCH
{"#",17109bd5-185a-4c0d-882b-5caa61400c01,160:aa990025909438d611eabf91fa674e43}|LIQUI MOLY
{"#",17109bd5-185a-4c0d-882b-5caa61400c01,160:aaa10025909438d711eaf67fb5fbe743}|LIZARTE
{"#",17109bd5-185a-4c0d-882b-5caa61400c01,160:aaa10025909438d711eaf67cb0389954}|LOBRO
{"#",17109bd5-185a-4c0d-882b-5caa61400c01,160:aaa10025909438d711eaf68b50b788dd}|LORO
{"#",17109bd5-185a-4c0d-882b-5caa61400c01,160:ae63001517d39cec11e6eebf48788143}|LPR
{"#",17109bd5-185a-4c0d-882b-5caa61400c01,160:aa990025909438d611eabf6b973ee698}|LRT
{"#",17109bd5-185a-4c0d-882b-5caa61400c01,160:aa990025909438d611eabf79c8a52bc4}|LTM
{"#",17109bd5-185a-4c0d-882b-5caa61400c01,160:aa990025909438d611eabf97c66985a3}|LUCAS DIESEL
{"#",17109bd5-185a-4c0d-882b-5caa61400c01,160:aa990025909438d611eabf79eb554932}|LUCAS ELECTRICAL
{"#",17109bd5-185a-4c0d-882b-5caa61400c01,160:aa990025909438d611eabf97d03ee75d}|LUCAS ENGINE DRIVE
{"#",17109bd5-185a-4c0d-882b-5caa61400c01,160:aa990025909438d611eabc744a2bbe04}|LUCAS FILTERS
{"#",17109bd5-185a-4c0d-882b-5caa61400c01,160:aa990025909438d611eabd052a87d2a7}|LUK
{"#",17109bd5-185a-4c0d-882b-5caa61400c01,160:aa990025909438d611eabf5a8daa9a20}|LUZAR
{"#",17109bd5-185a-4c0d-882b-5caa61400c01,160:aa990025909438d611eabd015ca4d1ba}|LYNXauto
{"#",17109bd5-185a-4c0d-882b-5caa61400c01,160:aa990025909438d611eabf948b395cde}|MABYPARTS
{"#",17109bd5-185a-4c0d-882b-5caa61400c01,160:aaa10025909438d711eaf6809b3f5aaa}|MAGNAFLOW
{"#",17109bd5-185a-4c0d-882b-5caa61400c01,160:aa990025909438d611eabf59bdd779f3}|Magnum Technology
{"#",17109bd5-185a-4c0d-882b-5caa61400c01,160:aa990025909438d611eabf586754e4f1}|MAHLE
{"#",17109bd5-185a-4c0d-882b-5caa61400c01,160:aa990025909438d611eabf58c007bcb2}|MALO
{"#",17109bd5-185a-4c0d-882b-5caa61400c01,160:ae63001517d39cec11e6eebf48788149}|MANN-FILTER
{"#",17109bd5-185a-4c0d-882b-5caa61400c01,160:aa990025909438d611eabf64468b688b}|MAPA
{"#",17109bd5-185a-4c0d-882b-5caa61400c01,160:aa990025909438d611eabd253329c1b5}|MAPCO
{"#",17109bd5-185a-4c0d-882b-5caa61400c01,160:aa990025909438d611eabc73f4dc91cd}|MASTER-SPORT
{"#",17109bd5-185a-4c0d-882b-5caa61400c01,160:aa930025909438d611e8ff78e6e6e1ff}|MaxGear
{"#",17109bd5-185a-4c0d-882b-5caa61400c01,160:aa990025909438d611eabf5b2f1dd72c}|MAXTECH
{"#",17109bd5-185a-4c0d-882b-5caa61400c01,160:aa990025909438d611eabf7a9292fc09}|MAXTRAC
{"#",17109bd5-185a-4c0d-882b-5caa61400c01,160:aa990025909438d611eabf7aa3196f8e}|MAYSAN MANDO
{"#",17109bd5-185a-4c0d-882b-5caa61400c01,160:aa990025909438d611eabf7aba6721ff}|MDR
{"#",17109bd5-185a-4c0d-882b-5caa61400c01,160:aaa10025909438d711eaf67f530d0bef}|MEAT & DORIA
{"#",17109bd5-185a-4c0d-882b-5caa61400c01,160:aa990025909438d611eabf9198e34185}|MECAFILTER
{"#",17109bd5-185a-4c0d-882b-5caa61400c01,160:aaa10025909438d711eaf73f2cd07d3e}|MECARM
{"#",17109bd5-185a-4c0d-882b-5caa61400c01,160:aaa10025909438d711eaf6805537385e}|MESSMER
{"#",17109bd5-185a-4c0d-882b-5caa61400c01,160:aa990025909438d611eabf7ad417ec9f}|METALCAUCHO
{"#",17109bd5-185a-4c0d-882b-5caa61400c01,160:aa990025909438d611eabd1e2a41aee0}|METELLI
{"#",17109bd5-185a-4c0d-882b-5caa61400c01,160:aa990025909438d611eabf5730e5726a}|METZGER
{"#",17109bd5-185a-4c0d-882b-5caa61400c01,160:aa990025909438d611eabd2646fd3b9f}|MEYLE
{"#",17109bd5-185a-4c0d-882b-5caa61400c01,160:aa990025909438d611eabf7aeddef38a}|MGA
{"#",17109bd5-185a-4c0d-882b-5caa61400c01,160:aa990025909438d611eabf8ff809f5a8}|MICHELIN
{"#",17109bd5-185a-4c0d-882b-5caa61400c01,160:aa990025909438d611eabf7b0a055b93}|MINTEX
{"#",17109bd5-185a-4c0d-882b-5caa61400c01,160:aaa10025909438d711eaf74360629c67}|MIRAGLIO
{"#",17109bd5-185a-4c0d-882b-5caa61400c01,160:aa990025909438d611eabf7b8e3a5b64}|MISFAT
{"#",17109bd5-185a-4c0d-882b-5caa61400c01,160:aa990025909438d611eabf93ad56bd47}|MOBIL
{"#",17109bd5-185a-4c0d-882b-5caa61400c01,160:aaa10025909438d711eaf6923e2d2752}|MOBILETRON
{"#",17109bd5-185a-4c0d-882b-5caa61400c01,160:aa990025909438d611eabf98170ccc05}|MONOFLEX
{"#",17109bd5-185a-4c0d-882b-5caa61400c01,160:aa990025909438d611eabd1ca87164da}|MONROE
{"#",17109bd5-185a-4c0d-882b-5caa61400c01,160:aaa10025909438d711eaf68569101b8d}|montcada
{"#",17109bd5-185a-4c0d-882b-5caa61400c01,160:aa990025909438d611eabf7be6f8cfdb}|MOOG
{"#",17109bd5-185a-4c0d-882b-5caa61400c01,160:aaa10025909438d711eaf6806452ae28}|MOTAIR TURBO
{"#",17109bd5-185a-4c0d-882b-5caa61400c01,160:aa990025909438d611eabf7c05db9af8}|MOTAQUIP
{"#",17109bd5-185a-4c0d-882b-5caa61400c01,160:aaa10025909438d711eaf67e11f5e7d0}|MOTIP
{"#",17109bd5-185a-4c0d-882b-5caa61400c01,160:aa990025909438d611eabf7c1610ea8f}|MOTORAD
{"#",17109bd5-185a-4c0d-882b-5caa61400c01,160:aa8f0025909438d711e88f6256656202}|MOTUL
{"#",17109bd5-185a-4c0d-882b-5caa61400c01,160:aaa10025909438d711eaf67ff197eb42}|MTE-THOMSON
{"#",17109bd5-185a-4c0d-882b-5caa61400c01,160:aaa10025909438d711eaf67e6ba8402c}|MTS
{"#",17109bd5-185a-4c0d-882b-5caa61400c01,160:aaa10025909438d711eaf6976aab3701}|MUBEA
{"#",17109bd5-185a-4c0d-882b-5caa61400c01,160:aa990025909438d611eabf90b1d799bc}|MULLER FILTER
{"#",17109bd5-185a-4c0d-882b-5caa61400c01,160:aaa10025909438d711eaf7448b65c3cb}|MW
{"#",17109bd5-185a-4c0d-882b-5caa61400c01,160:aaa10025909438d711eaf73fde3a0769}|NAGARES
{"#",17109bd5-185a-4c0d-882b-5caa61400c01,160:aa990025909438d611eabf97f5e3dbe0}|NARVA
{"#",17109bd5-185a-4c0d-882b-5caa61400c01,160:aa990025909438d611eabf9566d01d99}|NATIONAL
{"#",17109bd5-185a-4c0d-882b-5caa61400c01,160:aaa10025909438d711eaf74257695f17}|NE
{"#",17109bd5-185a-4c0d-882b-5caa61400c01,160:aa990025909438d611eabf7c35c7764e}|NECTO
{"#",17109bd5-185a-4c0d-882b-5caa61400c01,160:aaa10025909438d711eaf7414edc264a}|NEOLUX
{"#",17109bd5-185a-4c0d-882b-5caa61400c01,160:aaa10025909438d711eaf685ab82419c}|NEXUS
{"#",17109bd5-185a-4c0d-882b-5caa61400c01,160:92f7001517d39cec11e7146aa992586b}|NGK
{"#",17109bd5-185a-4c0d-882b-5caa61400c01,160:aaa10025909438d711eaf741d3e2ca9e}|NiBK
{"#",17109bd5-185a-4c0d-882b-5caa61400c01,160:aa990025909438d611eabf58322bbc1d}|NIPPARTS
{"#",17109bd5-185a-4c0d-882b-5caa61400c01,160:aa990025909438d611eabf97216f8ad2}|NISSENS
{"#",17109bd5-185a-4c0d-882b-5caa61400c01,160:aaa10025909438d711eaf742acea34c8}|NISSHINBO
{"#",17109bd5-185a-4c0d-882b-5caa61400c01,160:aa990025909438d611eabd26347d8edd}|NK
{"#",17109bd5-185a-4c0d-882b-5caa61400c01,160:aaa10025909438d711eaf745453141eb}|NORMA
{"#",17109bd5-185a-4c0d-882b-5caa61400c01,160:aaa10025909438d711eaf6838175b5cf}|NPS
{"#",17109bd5-185a-4c0d-882b-5caa61400c01,160:aa990025909438d611eabf5da126a755}|NRF
{"#",17109bd5-185a-4c0d-882b-5caa61400c01,160:aaa10025909438d711eaf743cbcc0cc7}|NSK
{"#",17109bd5-185a-4c0d-882b-5caa61400c01,160:aaa10025909438d711eaf67f0e6a91bd}|NURAL
{"#",17109bd5-185a-4c0d-882b-5caa61400c01,160:aaa10025909438d711eaf67de521e590}|NWB
{"#",17109bd5-185a-4c0d-882b-5caa61400c01,160:aa990025909438d611eabf97130d7952}|OBERLAND
{"#",17109bd5-185a-4c0d-882b-5caa61400c01,160:aa990025909438d611eabf7c662ba8c4}|OCAP
{"#",17109bd5-185a-4c0d-882b-5caa61400c01,160:aaa10025909438d711eaf7408ff8c19e}|ODM-MULTIPARTS
{"#",17109bd5-185a-4c0d-882b-5caa61400c01,160:aaa10025909438d711eaf688bc77a10e}|Omnicraft
{"#",17109bd5-185a-4c0d-882b-5caa61400c01,160:aa990025909438d611eabf7c7f9c34a2}|OPEN PARTS
{"#",17109bd5-185a-4c0d-882b-5caa61400c01,160:aa990025909438d611eabf7c936235c7}|OPTIBELT
{"#",17109bd5-185a-4c0d-882b-5caa61400c01,160:aa990025909438d611eabf7ca448c4ea}|OPTIMAL
{"#",17109bd5-185a-4c0d-882b-5caa61400c01,160:aaa10025909438d711eaf744c943bcf8}|ORDONEZ
{"#",17109bd5-185a-4c0d-882b-5caa61400c01,160:aaa10025909438d711eaf67d64049e93}|OREX
{"#",17109bd5-185a-4c0d-882b-5caa61400c01,160:aa990025909438d611eabf7cbb8e6314}|ORIGINAL IMPERIUM
{"#",17109bd5-185a-4c0d-882b-5caa61400c01,160:aa990025909438d611eabf56c3615bff}|OSRAM
{"#",17109bd5-185a-4c0d-882b-5caa61400c01,160:aa990025909438d611eabf7ce19b3101}|OSSCA
{"#",17109bd5-185a-4c0d-882b-5caa61400c01,160:aa990025909438d611eabf9258ed6768}|OSVAT
{"#",17109bd5-185a-4c0d-882b-5caa61400c01,160:aa990025909438d611eabf87744e7dfc}|PACOL
{"#",17109bd5-185a-4c0d-882b-5caa61400c01,160:aa990025909438d611eabf559c13a58c}|PAGID
{"#",17109bd5-185a-4c0d-882b-5caa61400c01,160:aaa10025909438d711eaf7428f552cba}|PARKER RACOR
{"#",17109bd5-185a-4c0d-882b-5caa61400c01,160:aa990025909438d611eabf7d09bd7e8b}|PARTS-MALL
{"#",17109bd5-185a-4c0d-882b-5caa61400c01,160:aaa10025909438d711eaf68be9970a31}|PASCAL
{"#",17109bd5-185a-4c0d-882b-5caa61400c01,160:aa990025909438d611eabf7d32db5fec}|PATRON
{"#",17109bd5-185a-4c0d-882b-5caa61400c01,160:aa990025909438d611eabf97308a10af}|PAYEN
{"#",17109bd5-185a-4c0d-882b-5caa61400c01,160:aa990025909438d611eabf96f61cbbe7}|PE Automotive
{"#",17109bd5-185a-4c0d-882b-5caa61400c01,160:aa990025909438d611eabf7d45bc8882}|PEMEBLA
{"#",17109bd5-185a-4c0d-882b-5caa61400c01,160:aa990025909438d611eabf56dc929344}|PHILIPS
{"#",17109bd5-185a-4c0d-882b-5caa61400c01,160:aaa10025909438d711eaf6962ad46de1}|PHIRA
{"#",17109bd5-185a-4c0d-882b-5caa61400c01,160:aa990025909438d611eabd1b44fa7ada}|PIERBURG
{"#",17109bd5-185a-4c0d-882b-5caa61400c01,160:aa990025909438d611eabf8577f9ff44}|PILENGA
{"#",17109bd5-185a-4c0d-882b-5caa61400c01,160:aaa10025909438d711eaf684b5061770}|PILKINGTON
{"#",17109bd5-185a-4c0d-882b-5caa61400c01,160:aaa10025909438d711eaf744a0b2d60f}|PIM
{"#",17109bd5-185a-4c0d-882b-5caa61400c01,160:aaa10025909438d711eaf67fd6f95e4f}|PJ
{"#",17109bd5-185a-4c0d-882b-5caa61400c01,160:aa990025909438d611eabf93dd7bfde6}|PLATINUM
{"#",17109bd5-185a-4c0d-882b-5caa61400c01,160:aaa10025909438d711eaf7426b8a0284}|PMM
{"#",17109bd5-185a-4c0d-882b-5caa61400c01,160:aaa10025909438d711eaf742084c4475}|PNEUMATICS
{"#",17109bd5-185a-4c0d-882b-5caa61400c01,160:aa990025909438d611eabf938fb7c3fc}|POLIPLAST
{"#",17109bd5-185a-4c0d-882b-5caa61400c01,160:aaa10025909438d711eaf745270f9b39}|POLMO
{"#",17109bd5-185a-4c0d-882b-5caa61400c01,160:aa990025909438d611eabf8677232a34}|PowerMax
{"#",17109bd5-185a-4c0d-882b-5caa61400c01,160:aaa10025909438d711eaf680168d20f6}|PRASCO
{"#",17109bd5-185a-4c0d-882b-5caa61400c01,160:aaa10025909438d711eaf67e1c4ef2dd}|PRESTO
{"#",17109bd5-185a-4c0d-882b-5caa61400c01,160:aa990025909438d611eabf86a6a6081e}|PRESTOLITE ELECTRIC
{"#",17109bd5-185a-4c0d-882b-5caa61400c01,160:aaa10025909438d711eaf740f3ea77c5}|PROCODIS FRANCE
{"#",17109bd5-185a-4c0d-882b-5caa61400c01,160:aa990025909438d611eabf7cef7f976c}|PROFIT
{"#",17109bd5-185a-4c0d-882b-5caa61400c01,160:aa990025909438d611eabf86c50d3875}|PROTECHNIC
{"#",17109bd5-185a-4c0d-882b-5caa61400c01,160:aa990025909438d611eabf562c0fe793}|PURFLUX
{"#",17109bd5-185a-4c0d-882b-5caa61400c01,160:aaa10025909438d711eaf74743cec5e8}|PZL SEDZISZOW
{"#",17109bd5-185a-4c0d-882b-5caa61400c01,160:aaa10025909438d711eaf744956b5af1}|QUARO
{"#",17109bd5-185a-4c0d-882b-5caa61400c01,160:aa990025909438d611eabf86f1cf2a1d}|QUATTRO FRENI
{"#",17109bd5-185a-4c0d-882b-5caa61400c01,160:aaa10025909438d711eaf68f0c5c2c5e}|QUICK STEER
{"#",17109bd5-185a-4c0d-882b-5caa61400c01,160:aa990025909438d611eabf8705785eeb}|QUINTON HAZELL
{"#",17109bd5-185a-4c0d-882b-5caa61400c01,160:aaa10025909438d711eaf67d52bb36fe}|R BRAKE
{"#",17109bd5-185a-4c0d-882b-5caa61400c01,160:aa990025909438d611eabf5ebe6e6da5}|RAICAM
{"#",17109bd5-185a-4c0d-882b-5caa61400c01,160:aa990025909438d611eabf8718f9bde7}|RAMEDER
{"#",17109bd5-185a-4c0d-882b-5caa61400c01,160:aaa10025909438d711eaf73f565d7513}|RANCHO
{"#",17109bd5-185a-4c0d-882b-5caa61400c01,160:aa990025909438d611eabf9318f1107c}|RAVENOL
{"#",17109bd5-185a-4c0d-882b-5caa61400c01,160:aa990025909438d611eabf909a2ed910}|RCA FRANCE
{"#",17109bd5-185a-4c0d-882b-5caa61400c01,160:aa990025909438d611eabd26a7fc0c58}|RECORD FRANCE
{"#",17109bd5-185a-4c0d-882b-5caa61400c01,160:aa990025909438d611eabf5d74b1edf8}|REMSA
{"#",17109bd5-185a-4c0d-882b-5caa61400c01,160:aa990025909438d611eabf873992f6d4}|REMY
{"#",17109bd5-185a-4c0d-882b-5caa61400c01,160:aaa10025909438d711eaf6862cd55646}|REPKIT
{"#",17109bd5-185a-4c0d-882b-5caa61400c01,160:aa990025909438d611eabf875d0e9fac}|RIW
{"#",17109bd5-185a-4c0d-882b-5caa61400c01,160:aa990025909438d611eabf578bc21e8c}|ROADHOUSE
{"#",17109bd5-185a-4c0d-882b-5caa61400c01,160:aaa10025909438d711eaf68305336341}|ROC
{"#",17109bd5-185a-4c0d-882b-5caa61400c01,160:aaa10025909438d711eaf6977ce11bc3}|ROSTAR
{"#",17109bd5-185a-4c0d-882b-5caa61400c01,160:aaa10025909438d711eaf74016db7dea}|ROTA
{"#",17109bd5-185a-4c0d-882b-5caa61400c01,160:aa990025909438d611eabf5a6f3894b6}|ROTINGER
{"#",17109bd5-185a-4c0d-882b-5caa61400c01,160:aa990025909438d611eabf9217e97109}|ROULUNDS RUBBER
{"#",17109bd5-185a-4c0d-882b-5caa61400c01,160:aa990025909438d611eabf87c0673cfa}|RTS
{"#",17109bd5-185a-4c0d-882b-5caa61400c01,160:ae63001517d39cec11e6faa1e9ce1b83}|RUVILLE
{"#",17109bd5-185a-4c0d-882b-5caa61400c01,160:aaa10025909438d711eaf745ba28648c}|RYMEC
{"#",17109bd5-185a-4c0d-882b-5caa61400c01,160:ae63001517d39cec11e6f2beda969133}|SACHS
{"#",17109bd5-185a-4c0d-882b-5caa61400c01,160:aa990025909438d611eabf87d60822fd}|SACHS PERFORMANCE
{"#",17109bd5-185a-4c0d-882b-5caa61400c01,160:aaa10025909438d711eaf73fbef809dc}|SAFA
{"#",17109bd5-185a-4c0d-882b-5caa61400c01,160:aa990025909438d611eabf8681e20dbd}|SAKURA
{"#",17109bd5-185a-4c0d-882b-5caa61400c01,160:aaa10025909438d711eaf74065f3d05c}|SAKURA Automotive
{"#",17109bd5-185a-4c0d-882b-5caa61400c01,160:aaa10025909438d711eaf67f7ab81c19}|Saleri SIL
{"#",17109bd5-185a-4c0d-882b-5caa61400c01,160:aa990025909438d611eabf87f657f55e}|SAMPA
{"#",17109bd5-185a-4c0d-882b-5caa61400c01,160:aaa10025909438d711eaf73fb1c09b64}|SANDO
{"#",17109bd5-185a-4c0d-882b-5caa61400c01,160:aa990025909438d611eabf8807acac92}|SASIC
{"#",17109bd5-185a-4c0d-882b-5caa61400c01,160:aaa10025909438d711eaf7424bda5d5e}|SBP
{"#",17109bd5-185a-4c0d-882b-5caa61400c01,160:aa990025909438d611eabf882ad3c615}|SBS
{"#",17109bd5-185a-4c0d-882b-5caa61400c01,160:aaa10025909438d711eaf67e525e98b2}|SCHLUTTER TURBOLADER
{"#",17109bd5-185a-4c0d-882b-5caa61400c01,160:aaa10025909438d711eaf745efdcb688}|SCHRADER
{"#",17109bd5-185a-4c0d-882b-5caa61400c01,160:aaa10025909438d711eaf6802a152b12}|SCHWITZER
{"#",17109bd5-185a-4c0d-882b-5caa61400c01,160:aaa10025909438d711eaf6941dbc1ae2}|Scriba
{"#",17109bd5-185a-4c0d-882b-5caa61400c01,160:aa990025909438d611eabf5c02c70083}|SCT Germany
{"#",17109bd5-185a-4c0d-882b-5caa61400c01,160:aaa10025909438d711eaf67f98eca558}|SEIM
{"#",17109bd5-185a-4c0d-882b-5caa61400c01,160:aaa10025909438d711eaf7402fe71a5a}|SEM LASTIK
{"#",17109bd5-185a-4c0d-882b-5caa61400c01,160:aaa10025909438d711eaf7447c45783c}|SERA
{"#",17109bd5-185a-4c0d-882b-5caa61400c01,160:aaa10025909438d711eaf683624df0ae}|SERCORE
{"#",17109bd5-185a-4c0d-882b-5caa61400c01,160:aaa10025909438d711eaf7400f8bc166}|SHAFTEC
{"#",17109bd5-185a-4c0d-882b-5caa61400c01,160:aa990025909438d611eabf5990e757fd}|SHELL
{"#",17109bd5-185a-4c0d-882b-5caa61400c01,160:aaa10025909438d711eaf68081324021}|SIARR
{"#",17109bd5-185a-4c0d-882b-5caa61400c01,160:aa990025909438d611eabf56013148fc}|SIDAT
{"#",17109bd5-185a-4c0d-882b-5caa61400c01,160:aa990025909438d611eabf8854c8e14e}|SIDEM
{"#",17109bd5-185a-4c0d-882b-5caa61400c01,160:aaa10025909438d711eaf68a504a2a45}|SIEGEL AUTOMOTIVE
{"#",17109bd5-185a-4c0d-882b-5caa61400c01,160:aaa10025909438d711eaf684d6aa7692}|SIGAM
{"#",17109bd5-185a-4c0d-882b-5caa61400c01,160:aaa10025909438d711eaf74431464d86}|SIVENTO
{"#",17109bd5-185a-4c0d-882b-5caa61400c01,160:ae63001517d39cec11e6fa7c2cd9f8b4}|SKF
{"#",17109bd5-185a-4c0d-882b-5caa61400c01,160:aaa10025909438d711eaf67fa0bd236f}|SMPE
{"#",17109bd5-185a-4c0d-882b-5caa61400c01,160:ae63001517d39cec11e6cda95e88e219}|SNR
{"#",17109bd5-185a-4c0d-882b-5caa61400c01,160:aa990025909438d611eabf666d3e9698}|SNRA
{"#",17109bd5-185a-4c0d-882b-5caa61400c01,160:aaa10025909438d711eaf67deb8cbbb5}|SOFIMA
{"#",17109bd5-185a-4c0d-882b-5caa61400c01,160:aa9a0025909438d711ead8a16ae6d8b2}|SogefiPro
{"#",17109bd5-185a-4c0d-882b-5caa61400c01,160:aa990025909438d611eabf958dbb5d4b}|SOMORA
{"#",17109bd5-185a-4c0d-882b-5caa61400c01,160:aa8f0025909438d711e88a837d5e7dfc}|SONAX
{"#",17109bd5-185a-4c0d-882b-5caa61400c01,160:aaa10025909438d711eaf68101d4e321}|SONNAK
{"#",17109bd5-185a-4c0d-882b-5caa61400c01,160:aa9a0025909438d711ead8a112c1f446}|SPAHN GLUHLAMPEN
{"#",17109bd5-185a-4c0d-882b-5caa61400c01,160:aaa10025909438d711eaf7464a104ad5}|SPECTRA PREMIUM
{"#",17109bd5-185a-4c0d-882b-5caa61400c01,160:aa990025909438d611eabf88a45434b2}|SpeedMate
{"#",17109bd5-185a-4c0d-882b-5caa61400c01,160:aaa10025909438d711eaf69253829526}|SPICER
{"#",17109bd5-185a-4c0d-882b-5caa61400c01,160:92f7001517d39cec11e724e7ecfd76b3}|SPIDAN
{"#",17109bd5-185a-4c0d-882b-5caa61400c01,160:aaa10025909438d711eaf695df7a2e3d}|SPILU
{"#",17109bd5-185a-4c0d-882b-5caa61400c01,160:aaa10025909438d711eaf73f8fd496ca}|SPJ
{"#",17109bd5-185a-4c0d-882b-5caa61400c01,160:aa990025909438d611eabf88bf62ed93}|STABILUS
{"#",17109bd5-185a-4c0d-882b-5caa61400c01,160:aa990025909438d611eabf8907d11f0b}|STARLINE
{"#",17109bd5-185a-4c0d-882b-5caa61400c01,160:aaa10025909438d711eaf69466cbe6cd}|StartVOLT
{"#",17109bd5-185a-4c0d-882b-5caa61400c01,160:aa8f0025909438d711e88a83836ba2db}|STATIM
{"#",17109bd5-185a-4c0d-882b-5caa61400c01,160:aa990025909438d611eabf89381763dc}|STC
{"#",17109bd5-185a-4c0d-882b-5caa61400c01,160:aa990025909438d611eabf894942aa54}|STELLOX
{"#",17109bd5-185a-4c0d-882b-5caa61400c01,160:aa990025909438d611eabf94cdc7d691}|STOP
{"#",17109bd5-185a-4c0d-882b-5caa61400c01,160:aaa10025909438d711eaf68ac9574327}|STOP&GO
{"#",17109bd5-185a-4c0d-882b-5caa61400c01,160:aaa10025909438d711eaf742244e1722}|S-TR
{"#",17109bd5-185a-4c0d-882b-5caa61400c01,160:aaa10025909438d711eaf6805537385c}|ST-TEMPLIN
{"#",17109bd5-185a-4c0d-882b-5caa61400c01,160:aa990025909438d611eabf72ecefb62e}|SUPLEX
{"#",17109bd5-185a-4c0d-882b-5caa61400c01,160:aa930025909438d611e98698e4fbfea6}|SWAG
{"#",17109bd5-185a-4c0d-882b-5caa61400c01,160:aa990025909438d611eabd1b95bc0ca7}|SWF
{"#",17109bd5-185a-4c0d-882b-5caa61400c01,160:aa990025909438d611eabf8987542edf}|TALOSA
{"#",17109bd5-185a-4c0d-882b-5caa61400c01,160:aaa10025909438d711eaf68a9bcbeb0f}|TCMATIC
{"#",17109bd5-185a-4c0d-882b-5caa61400c01,160:aaa10025909438d711eaf680aa10e622}|TEAMEC
{"#",17109bd5-185a-4c0d-882b-5caa61400c01,160:aa990025909438d611eabf90290a6e73}|TECHNOX
{"#",17109bd5-185a-4c0d-882b-5caa61400c01,160:aa990025909438d611eabf9351081941}|TECNECO FILTERS
{"#",17109bd5-185a-4c0d-882b-5caa61400c01,160:aa990025909438d611eabf5d433abdc6}|TECNOCAR
{"#",17109bd5-185a-4c0d-882b-5caa61400c01,160:aa990025909438d611eabf89d47bb284}|TEDGUM
{"#",17109bd5-185a-4c0d-882b-5caa61400c01,160:aaa10025909438d711eaf68a752a10b3}|TENACITY
{"#",17109bd5-185a-4c0d-882b-5caa61400c01,160:aa990025909438d611eabf59021b79d8}|TESLA
{"#",17109bd5-185a-4c0d-882b-5caa61400c01,160:aa990025909438d611eabd1baf88f759}|TEXTAR
{"#",17109bd5-185a-4c0d-882b-5caa61400c01,160:aa990025909438d611eabf89ffc09911}|THERMOTEC
{"#",17109bd5-185a-4c0d-882b-5caa61400c01,160:aa990025909438d611eabf95b6f81d21}|TIMKEN
{"#",17109bd5-185a-4c0d-882b-5caa61400c01,160:aa990025909438d611eabf8a2e13d37a}|TOPRAN
{"#",17109bd5-185a-4c0d-882b-5caa61400c01,160:aa990025909438d611eabf8a4c864547}|TORQUE
{"#",17109bd5-185a-4c0d-882b-5caa61400c01,160:ae63001517d39cec11e6f4512f56b51e}|TrakMotive
{"#",17109bd5-185a-4c0d-882b-5caa61400c01,160:aaa10025909438d711eaf68bfdb703de}|TREVI AUTOMOTIVE
{"#",17109bd5-185a-4c0d-882b-5caa61400c01,160:aa990025909438d611eabf8a6b24b8ee}|Trialli
{"#",17109bd5-185a-4c0d-882b-5caa61400c01,160:aaa10025909438d711eaf7430f69c662}|TRICLO
{"#",17109bd5-185a-4c0d-882b-5caa61400c01,160:aa990025909438d611eabf95bf7f9e83}|TRICO
{"#",17109bd5-185a-4c0d-882b-5caa61400c01,160:aa990025909438d611eabf8a82ef7374}|TRISCAN
{"#",17109bd5-185a-4c0d-882b-5caa61400c01,160:aaa10025909438d711eaf683b3777999}|TRUCKFRENOS
{"#",17109bd5-185a-4c0d-882b-5caa61400c01,160:aaa10025909438d711eaf685b9845c36}|TRUCKLIGHT
{"#",17109bd5-185a-4c0d-882b-5caa61400c01,160:aa990025909438d611eabf8a990011e5}|TRUCKTEC AUTOMOTIVE
{"#",17109bd5-185a-4c0d-882b-5caa61400c01,160:aa990025909438d611eabf922c9541ed}|TRUSTING
{"#",17109bd5-185a-4c0d-882b-5caa61400c01,160:aa960025909438d711e9d48ad92f0776}|TRW
{"#",17109bd5-185a-4c0d-882b-5caa61400c01,160:aa990025909438d611eabd24fdb90d88}|TRW Engine Component
{"#",17109bd5-185a-4c0d-882b-5caa61400c01,160:aa990025909438d611eabf95a81a5dab}|TUDOR
{"#",17109bd5-185a-4c0d-882b-5caa61400c01,160:aaa10025909438d711eaf7476d35c059}|turbo by Intec
{"#",17109bd5-185a-4c0d-882b-5caa61400c01,160:aaa10025909438d711eaf7472fee689e}|TURBO MOTOR
{"#",17109bd5-185a-4c0d-882b-5caa61400c01,160:aaa10025909438d711eaf6943683d28f}|TURBO-MOT
{"#",17109bd5-185a-4c0d-882b-5caa61400c01,160:aaa10025909438d711eaf691d2cba993}|TURBORAIL
{"#",17109bd5-185a-4c0d-882b-5caa61400c01,160:aaa10025909438d711eaf682dc9c2f20}|TURBOS HOET
{"#",17109bd5-185a-4c0d-882b-5caa61400c01,160:aa990025909438d611eabf954ba1c733}|TWINTEC
{"#",17109bd5-185a-4c0d-882b-5caa61400c01,160:aa9a0025909438d711ead24b971a2e29}|TYC
{"#",17109bd5-185a-4c0d-882b-5caa61400c01,160:aaa10025909438d711eaf67cee53a043}|UFI
{"#",17109bd5-185a-4c0d-882b-5caa61400c01,160:aa990025909438d611eabf6b8a729939}|ULO
{"#",17109bd5-185a-4c0d-882b-5caa61400c01,160:aa990025909438d611eabf8abeb19c46}|UNIFLUX FILTERS
{"#",17109bd5-185a-4c0d-882b-5caa61400c01,160:aa990025909438d611eabf8b00672b06}|UNIGOM
{"#",17109bd5-185a-4c0d-882b-5caa61400c01,160:aaa10025909438d711eaf68915a0c528}|UNIPOINT
{"#",17109bd5-185a-4c0d-882b-5caa61400c01,160:aaa10025909438d711eaf67ea37b8813}|URO Parts
{"#",17109bd5-185a-4c0d-882b-5caa61400c01,160:aaa10025909438d711eaf67ddcaa7f6d}|URW
{"#",17109bd5-185a-4c0d-882b-5caa61400c01,160:92f7001517d39cec11e710799d61f2bf}|VAICO
{"#",17109bd5-185a-4c0d-882b-5caa61400c01,160:b7df001517d39cec11e7558a453c22ca}|VALEO
{"#",17109bd5-185a-4c0d-882b-5caa61400c01,160:aa990025909438d611eabf8c3192fea6}|VAN WEZEL
{"#",17109bd5-185a-4c0d-882b-5caa61400c01,160:aaa10025909438d711eaf680d4eb6b59}|VATOIL
{"#",17109bd5-185a-4c0d-882b-5caa61400c01,160:aa9a0025909438d711ead8a12e2d968d}|VDO
{"#",17109bd5-185a-4c0d-882b-5caa61400c01,160:aaa10025909438d711eaf743d4cdfffa}|VEGE
{"#",17109bd5-185a-4c0d-882b-5caa61400c01,160:aaa10025909438d711eaf699b775be4b}|VEMA
{"#",17109bd5-185a-4c0d-882b-5caa61400c01,160:aaa10025909438d711eaf67e5a8c2642}|VEMO
{"#",17109bd5-185a-4c0d-882b-5caa61400c01,160:aaa10025909438d711eaf6808e379c2b}|VENEPORTE
{"#",17109bd5-185a-4c0d-882b-5caa61400c01,160:aa990025909438d611eabf8b44a9e287}|VEYANCE
{"#",17109bd5-185a-4c0d-882b-5caa61400c01,160:aa990025909438d611eabf6b6f3c813f}|VICTOR REINZ
{"#",17109bd5-185a-4c0d-882b-5caa61400c01,160:aaa10025909438d711eaf68787c621d2}|VIGOR
{"#",17109bd5-185a-4c0d-882b-5caa61400c01,160:aaa10025909438d711eaf6927b8a1646}|vika
{"#",17109bd5-185a-4c0d-882b-5caa61400c01,160:aaa10025909438d711eaf684dda6bef9}|VILLAR
{"#",17109bd5-185a-4c0d-882b-5caa61400c01,160:aaa10025909438d711eaf7458b135d5b}|VMF
{"#",17109bd5-185a-4c0d-882b-5caa61400c01,160:aa990025909438d611eabf55cf621eb0}|WABCO
{"#",17109bd5-185a-4c0d-882b-5caa61400c01,160:aa990025909438d611eabf5739e64346}|WAECO
{"#",17109bd5-185a-4c0d-882b-5caa61400c01,160:aa990025909438d611eabf59fc0c597d}|WAGNER
{"#",17109bd5-185a-4c0d-882b-5caa61400c01,160:aa990025909438d611eabf570b446002}|WAHLER
{"#",17109bd5-185a-4c0d-882b-5caa61400c01,160:aaa10025909438d711eaf740555ab425}|WAI
{"#",17109bd5-185a-4c0d-882b-5caa61400c01,160:b7df001517d39cec11e7670634090cc4}|WALKER
{"#",17109bd5-185a-4c0d-882b-5caa61400c01,160:aaa10025909438d711eaf6835370794d}|WAT
{"#",17109bd5-185a-4c0d-882b-5caa61400c01,160:aa990025909438d611eabf95e5df4583}|WEBASTO
{"#",17109bd5-185a-4c0d-882b-5caa61400c01,160:aa990025909438d611eabf7a1e198f4d}|WESTFALIA
{"#",17109bd5-185a-4c0d-882b-5caa61400c01,160:aaa10025909438d711eaf694078736ec}|WESTLAKE
{"#",17109bd5-185a-4c0d-882b-5caa61400c01,160:aa990025909438d611eabf8b755c267e}|WILMINK GROUP
{"#",17109bd5-185a-4c0d-882b-5caa61400c01,160:aa970025909438d711e9f97a77ebf172}|WIX
{"#",17109bd5-185a-4c0d-882b-5caa61400c01,160:aa990025909438d611eabf8b83c4c59a}|WOKING
{"#",17109bd5-185a-4c0d-882b-5caa61400c01,160:aa990025909438d611eabf5bd0ecf440}|WOLF
{"#",17109bd5-185a-4c0d-882b-5caa61400c01,160:aaa10025909438d711eaf69158f25545}|XXLMARMITTEITALIANE
{"#",17109bd5-185a-4c0d-882b-5caa61400c01,160:a0ef001517d39cec11e7ae51c99f121e}|YAMATO
{"#",17109bd5-185a-4c0d-882b-5caa61400c01,160:aaa10025909438d711eaf69589ccd92d}|YAZUKA
{"#",17109bd5-185a-4c0d-882b-5caa61400c01,160:aaa10025909438d711eaf699c281b898}|YUASA
{"#",17109bd5-185a-4c0d-882b-5caa61400c01,160:aa990025909438d611eabf9081dc7552}|ZAFFO
{"#",17109bd5-185a-4c0d-882b-5caa61400c01,160:aa990025909438d611eabf8b9a15c660}|ZEKKERT
{"#",17109bd5-185a-4c0d-882b-5caa61400c01,160:aa990025909438d611eabf984f61822b}|ZF Parts
{"#",17109bd5-185a-4c0d-882b-5caa61400c01,160:aa990025909438d611eabc6cd249209e}|ZIMMERMANN
{"#",17109bd5-185a-4c0d-882b-5caa61400c01,160:aa930025909438d611e8cc8c7d3473c6}|Autlog
{"#",17109bd5-185a-4c0d-882b-5caa61400c01,160:aa930025909438d611e8d91b1db1f952}|bcguma
{"#",17109bd5-185a-4c0d-882b-5caa61400c01,160:ae9a001517d39cec11e3fca055aaddbb}|Fenox
{"#",17109bd5-185a-4c0d-882b-5caa61400c01,160:9298001517d39cec11e620ef84799754}|Glint
{"#",17109bd5-185a-4c0d-882b-5caa61400c01,160:ae9a001517d39cec11e3fca04f9ac304}|Hola
{"#",17109bd5-185a-4c0d-882b-5caa61400c01,160:ae9a001517d39cec11e3fca04f9ac307}|Hort
{"#",17109bd5-185a-4c0d-882b-5caa61400c01,160:ae9a001517d39cec11e3fca8123a336e}|Magneti_Marelli
{"#",17109bd5-185a-4c0d-882b-5caa61400c01,160:aa900025909438d711e8a9d5ed73b72d}|Navis
{"#",17109bd5-185a-4c0d-882b-5caa61400c01,160:ae9a001517d39cec11e3fca04f9ac30a}|WEEN
{"#",17109bd5-185a-4c0d-882b-5caa61400c01,160:ae9a001517d39cec11e3fca055aaddc7}|Базальт
{"#",17109bd5-185a-4c0d-882b-5caa61400c01,160:aa970025909438d711ea17338b114eed}|AGK
{"#",17109bd5-185a-4c0d-882b-5caa61400c01,160:ae63001517d39cec11e69b4de2ffce82}|CARWAY
{"#",17109bd5-185a-4c0d-882b-5caa61400c01,160:aaa40025909438d711eb11d6b8d27c3c}|Elegant
{"#",17109bd5-185a-4c0d-882b-5caa61400c01,160:ae9a001517d39cec11e3fca055aaddd0}|GV
{"#",17109bd5-185a-4c0d-882b-5caa61400c01,160:aa8f0025909438d711e87546adfd254f}|MAMMOOTH_Q
{"#",17109bd5-185a-4c0d-882b-5caa61400c01,160:9298001517d39cec11e6263a5199f342}|MCH auto group
{"#",17109bd5-185a-4c0d-882b-5caa61400c01,160:aaa10025909438d711eafcacd87a45b5}|MFC
{"#",17109bd5-185a-4c0d-882b-5caa61400c01,160:9cb8001517d39cec11e7d05c34be17b2}|M-Filter
{"#",17109bd5-185a-4c0d-882b-5caa61400c01,160:aa8f0025909438d711e8551db6722223}|Nanoprotec
{"#",17109bd5-185a-4c0d-882b-5caa61400c01,160:9298001517d39cec11e62404c6160ac3}|Nordica
{"#",17109bd5-185a-4c0d-882b-5caa61400c01,160:b7df001517d39cec11e730c1cbf55004}|POLCAR
{"#",17109bd5-185a-4c0d-882b-5caa61400c01,160:9298001517d39cec11e627f3e31ae78a}|RPI
{"#",17109bd5-185a-4c0d-882b-5caa61400c01,160:851c001517d39cec11e66ea5e099af2a}|SHIKOO
{"#",17109bd5-185a-4c0d-882b-5caa61400c01,160:b7df001517d39cec11e787e1c9638b68}|Shin Kum
{"#",17109bd5-185a-4c0d-882b-5caa61400c01,160:9cb8001517d39cec11e7cec6e322c966}|S-OIL
{"#",17109bd5-185a-4c0d-882b-5caa61400c01,160:b7df001517d39cec11e73977bf2bfef5}|Tomasetto
{"#",17109bd5-185a-4c0d-882b-5caa61400c01,160:aa990025909438d611eab175f6c3d9d0}|Tungsram
{"#",17109bd5-185a-4c0d-882b-5caa61400c01,160:ae9a001517d39cec11e3fca05bbfbd54}|Universal Industries
{"#",17109bd5-185a-4c0d-882b-5caa61400c01,160:9298001517d39cec11e6240c1e0b66d0}|Walline
{"#",17109bd5-185a-4c0d-882b-5caa61400c01,160:9298001517d39cec11e6288d1c59e232}|ZASET
{"#",17109bd5-185a-4c0d-882b-5caa61400c01,160:9298001517d39cec11e62404fd41f56b}|ZUBR
{"#",17109bd5-185a-4c0d-882b-5caa61400c01,160:ae9a001517d39cec11e3fca8608ad1cc}|Авар
{"#",17109bd5-185a-4c0d-882b-5caa61400c01,160:ae9a001517d39cec11e3fca8afa3b5ab}|АвтоТрейд
{"#",17109bd5-185a-4c0d-882b-5caa61400c01,160:aa970025909438d711e9ea718b7b65ba}|АвтоХарьков
{"#",17109bd5-185a-4c0d-882b-5caa61400c01,160:aa970025909438d711ea36cf79742925}|АРОКИ
{"#",17109bd5-185a-4c0d-882b-5caa61400c01,160:ae9a001517d39cec11e3fca055aaddc4}|АТЕ-1
{"#",17109bd5-185a-4c0d-882b-5caa61400c01,160:ae9a001517d39cec11e3fca055aaddc2}|Бачки
{"#",17109bd5-185a-4c0d-882b-5caa61400c01,160:9298001517d39cec11e627d900043fa7}|Белебей крепеж
{"#",17109bd5-185a-4c0d-882b-5caa61400c01,160:9298001517d39cec11e6240dc7495328}|БелЗАН
{"#",17109bd5-185a-4c0d-882b-5caa61400c01,160:ae9a001517d39cec11e3fca818373b7c}|БРТ
{"#",17109bd5-185a-4c0d-882b-5caa61400c01,160:9298001517d39cec11e624065a18058a}|БЦМ  Беларусь
{"#",17109bd5-185a-4c0d-882b-5caa61400c01,160:9298001517d39cec11e6240c7a734b04}|Вінниця
{"#",17109bd5-185a-4c0d-882b-5caa61400c01,160:ae9a001517d39cec11e3fca9223f7fce}|ВТН
{"#",17109bd5-185a-4c0d-882b-5caa61400c01,160:aa930025909438d611e91a4051646448}|Дзержинск
{"#",17109bd5-185a-4c0d-882b-5caa61400c01,160:9298001517d39cec11e627d80664eab8}|ДТК Днепр
{"#",17109bd5-185a-4c0d-882b-5caa61400c01,160:ae9a001517d39cec11e3fca8123a3378}|Житомир прокладки
{"#",17109bd5-185a-4c0d-882b-5caa61400c01,160:9298001517d39cec11e627e757399920}|КААЗ
{"#",17109bd5-185a-4c0d-882b-5caa61400c01,160:ae9a001517d39cec11e3fca055aaddcc}|Килимки Дубно
{"#",17109bd5-185a-4c0d-882b-5caa61400c01,160:9298001517d39cec11e627e7ecef627e}|Львів
{"#",17109bd5-185a-4c0d-882b-5caa61400c01,160:aa990025909438d611eab18e2fd945b6}|МАЯК
{"#",17109bd5-185a-4c0d-882b-5caa61400c01,160:aa930025909438d611e8ed68678e9ab2}|Пінгвін
{"#",17109bd5-185a-4c0d-882b-5caa61400c01,160:9298001517d39cec11e6263f004759d1}|ППРЗ
{"#",17109bd5-185a-4c0d-882b-5caa61400c01,160:9c80001517d39cec11e51335e5706b14}|Промбизнес
{"#",17109bd5-185a-4c0d-882b-5caa61400c01,160:ae63001517d39cec11e6afbf3e697cb6}|Ракета пластик
{"#",17109bd5-185a-4c0d-882b-5caa61400c01,160:9c80001517d39cec11e4d9056a21f352}|Таврия
{"#",17109bd5-185a-4c0d-882b-5caa61400c01,160:aa980025909438d611ea5edeccd8ba7f}|Техавто
{"#",17109bd5-185a-4c0d-882b-5caa61400c01,160:ae9a001517d39cec11e3fca8608ad1d5}|ТМК
{"#",17109bd5-185a-4c0d-882b-5caa61400c01,160:ae9a001517d39cec11e3fd047ed7f336}|Трек
{"#",17109bd5-185a-4c0d-882b-5caa61400c01,160:ae9a001517d39cec11e3fca05bbfbd56}|Трубки
{"#",17109bd5-185a-4c0d-882b-5caa61400c01,160:aa8f0025909438d711e85aa4973c08ac}|Уценка
{"#",17109bd5-185a-4c0d-882b-5caa61400c01,160:9298001517d39cec11e627d82f2d4436}|Харьков
{"#",17109bd5-185a-4c0d-882b-5caa61400c01,160:a79d001517d39cec11e80a46eb577fee}|Электро Ком
{"#",17109bd5-185a-4c0d-882b-5caa61400c01,160:ae63001517d39cec11e6de388426b86e}|4MAX_UKЈAD_WYDECHOWY
{"#",17109bd5-185a-4c0d-882b-5caa61400c01,160:b7df001517d39cec11e7985772a9c0d6}|ADRIAUTO
{"#",17109bd5-185a-4c0d-882b-5caa61400c01,160:b7df001517d39cec11e766e6c5e21eb2}|AKUSAN
{"#",17109bd5-185a-4c0d-882b-5caa61400c01,160:b7df001517d39cec11e74ab1c33aa31e}|AutoTechteile
{"#",17109bd5-185a-4c0d-882b-5caa61400c01,160:b7df001517d39cec11e745c82d863d7d}|BARS
{"#",17109bd5-185a-4c0d-882b-5caa61400c01,160:aa970025909438d711e9deba7669b3a7}|CAVO
{"#",17109bd5-185a-4c0d-882b-5caa61400c01,160:aa930025909438d611e8d61e4546851a}|Citroen-Peugeot
{"#",17109bd5-185a-4c0d-882b-5caa61400c01,160:aa8f0025909438d711e8536c5f28b1af}|CRC
{"#",17109bd5-185a-4c0d-882b-5caa61400c01,160:b7df001517d39cec11e73f7af6e0dd07}|CX
{"#",17109bd5-185a-4c0d-882b-5caa61400c01,160:9298001517d39cec11e6288fe3f4c063}|Daewoo
{"#",17109bd5-185a-4c0d-882b-5caa61400c01,160:92f7001517d39cec11e70a52f11d2b8a}|DEPO
{"#",17109bd5-185a-4c0d-882b-5caa61400c01,160:aa900025909438d711e8a9d6527b9a45}|DETOR
{"#",17109bd5-185a-4c0d-882b-5caa61400c01,160:9cb8001517d39cec11e7cec0d44e8d91}|Dragon
{"#",17109bd5-185a-4c0d-882b-5caa61400c01,160:ae63001517d39cec11e6eebf4878814f}|ELF
{"#",17109bd5-185a-4c0d-882b-5caa61400c01,160:aa900025909438d711e8a9f67a2e3704}|Emotion Labs
{"#",17109bd5-185a-4c0d-882b-5caa61400c01,160:ae9a001517d39cec11e3fca055aaddce}|FriCo
{"#",17109bd5-185a-4c0d-882b-5caa61400c01,160:9298001517d39cec11e627f1a494de00}|Fuerde
{"#",17109bd5-185a-4c0d-882b-5caa61400c01,160:9298001517d39cec11e62890a9fe1404}|Genine
{"#",17109bd5-185a-4c0d-882b-5caa61400c01,160:ae9a001517d39cec11e3fca8423f103b}|GToil
{"#",17109bd5-185a-4c0d-882b-5caa61400c01,160:ae9a001517d39cec11e3fca8668c9e96}|HALT
{"#",17109bd5-185a-4c0d-882b-5caa61400c01,160:ae63001517d39cec11e6c60214e0497b}|HANS_PRIES
{"#",17109bd5-185a-4c0d-882b-5caa61400c01,160:ae63001517d39cec11e6ec7ad60728dc}|HIFLO
{"#",17109bd5-185a-4c0d-882b-5caa61400c01,160:aaa6001517d39cec11e7bfbadc4602cd}|HUCO
{"#",17109bd5-185a-4c0d-882b-5caa61400c01,160:92f7001517d39cec11e7269accfdb4cd}|Hyundai-Kia
{"#",17109bd5-185a-4c0d-882b-5caa61400c01,160:92f7001517d39cec11e709816478f2f3}|IMPERGOM
{"#",17109bd5-185a-4c0d-882b-5caa61400c01,160:9298001517d39cec11e6289022881888}|KoreaStar
{"#",17109bd5-185a-4c0d-882b-5caa61400c01,160:aaa6001517d39cec11e7c46330d3653a}|KROSNO
{"#",17109bd5-185a-4c0d-882b-5caa61400c01,160:92f7001517d39cec11e728baa0686034}|Lauber
{"#",17109bd5-185a-4c0d-882b-5caa61400c01,160:92f7001517d39cec11e70a52f11d2b8d}|LINEX
{"#",17109bd5-185a-4c0d-882b-5caa61400c01,160:ae63001517d39cec11e69b53870d59ae}|LV
{"#",17109bd5-185a-4c0d-882b-5caa61400c01,160:ae9a001517d39cec11e3fca055aaddd2}|NRD
{"#",17109bd5-185a-4c0d-882b-5caa61400c01,160:aa970025909438d711e9f97a77ebf175}|PMC
{"#",17109bd5-185a-4c0d-882b-5caa61400c01,160:aa8f0025909438d711e885dfbca1fd87}|QUICK_BRAKE
{"#",17109bd5-185a-4c0d-882b-5caa61400c01,160:ae63001517d39cec11e6dcbf54d35d90}|REINZ
{"#",17109bd5-185a-4c0d-882b-5caa61400c01,160:aa8e0025909438d711e8367a210da361}|REZAW-PLAST
{"#",17109bd5-185a-4c0d-882b-5caa61400c01,160:b7df001517d39cec11e7413302b9de48}|SENTECH
{"#",17109bd5-185a-4c0d-882b-5caa61400c01,160:9298001517d39cec11e623ddebe7d504}|Sib Trol
{"#",17109bd5-185a-4c0d-882b-5caa61400c01,160:ae63001517d39cec11e6e3c75830cbae}|STEINHOF
{"#",17109bd5-185a-4c0d-882b-5caa61400c01,160:9298001517d39cec11e6288f7bc9a228}|TakPart
{"#",17109bd5-185a-4c0d-882b-5caa61400c01,160:aa8f0025909438d711e8543a8c926555}|TOTAL
{"#",17109bd5-185a-4c0d-882b-5caa61400c01,160:9298001517d39cec11e62890595bcc2f}|Unix
{"#",17109bd5-185a-4c0d-882b-5caa61400c01,160:b7df001517d39cec11e7685ddca9aba6}|VAG
{"#",17109bd5-185a-4c0d-882b-5caa61400c01,160:b7df001517d39cec11e76242a0ebeb0f}|VEMO
{"#",17109bd5-185a-4c0d-882b-5caa61400c01,160:b7df001517d39cec11e7412889588d94}|VERNET
{"#",17109bd5-185a-4c0d-882b-5caa61400c01,160:aa930025909438d611e8e64d484fc255}|Zilbermann
{"#",17109bd5-185a-4c0d-882b-5caa61400c01,160:ae9a001517d39cec11e3fca055aadde4}|АвКомпКалу
{"#",17109bd5-185a-4c0d-882b-5caa61400c01,160:ae9a001517d39cec11e3fca055aadde6}|АвПрибВлад
{"#",17109bd5-185a-4c0d-882b-5caa61400c01,160:ae9a001517d39cec11e3fca055aadde2}|АвтоАрм
{"#",17109bd5-185a-4c0d-882b-5caa61400c01,160:ae9a001517d39cec11e3fca055aaddc9}|АвтоЛТД
{"#",17109bd5-185a-4c0d-882b-5caa61400c01,160:ae9a001517d39cec11e3fca05bbfbd5b}|АвтопрКалу
{"#",17109bd5-185a-4c0d-882b-5caa61400c01,160:aaa10025909438d711eaf108cbe62cb2}|Авто-трос
{"#",17109bd5-185a-4c0d-882b-5caa61400c01,160:ae9a001517d39cec11e3fd01de61d085}|Автрамат
{"#",17109bd5-185a-4c0d-882b-5caa61400c01,160:ae9a001517d39cec11e3fd05b15c45bc}|Автэл
{"#",17109bd5-185a-4c0d-882b-5caa61400c01,160:ae9a001517d39cec11e3fca8423f102e}|АльфаФильт
{"#",17109bd5-185a-4c0d-882b-5caa61400c01,160:ae9a001517d39cec11e3fca055aaddbf}|Арат
{"#",17109bd5-185a-4c0d-882b-5caa61400c01,160:ae9a001517d39cec11e3fd066d9e342f}|АрРадиатор
{"#",17109bd5-185a-4c0d-882b-5caa61400c01,160:ae9a001517d39cec11e3fcabd7ef31bd}|АэКалуга
{"#",17109bd5-185a-4c0d-882b-5caa61400c01,160:ae9a001517d39cec11e3fca05bbfbd64}|Белмаг
{"#",17109bd5-185a-4c0d-882b-5caa61400c01,160:ae9a001517d39cec11e3fd08bbb8fbcc}|Бест
{"#",17109bd5-185a-4c0d-882b-5caa61400c01,160:9298001517d39cec11e62896d896c506}|ВАЗ
{"#",17109bd5-185a-4c0d-882b-5caa61400c01,160:ae9a001517d39cec11e3fd079115aea4}|Ви
{"#",17109bd5-185a-4c0d-882b-5caa61400c01,160:ae9a001517d39cec11e3fd0ab2a56673}|Во
{"#",17109bd5-185a-4c0d-882b-5caa61400c01,160:ae9a001517d39cec11e3fca055aaddd6}|Гея
{"#",17109bd5-185a-4c0d-882b-5caa61400c01,160:ae9a001517d39cec11e3fca81e2f7ed7}|Глушители
{"#",17109bd5-185a-4c0d-882b-5caa61400c01,160:9298001517d39cec11e6240497661e60}|Гостовський
{"#",17109bd5-185a-4c0d-882b-5caa61400c01,160:9298001517d39cec11e64d791fc1a107}|ДААЗ
{"#",17109bd5-185a-4c0d-882b-5caa61400c01,160:ae9a001517d39cec11e3fca055aadddc}|Епластик
{"#",17109bd5-185a-4c0d-882b-5caa61400c01,160:9298001517d39cec11e620f1b004a86c}|Заубер
{"#",17109bd5-185a-4c0d-882b-5caa61400c01,160:ae9a001517d39cec11e3fca05bbfbd5f}|ЗиТарасова
{"#",17109bd5-185a-4c0d-882b-5caa61400c01,160:ae9a001517d39cec11e3fca05bbfbd66}|Кедр
{"#",17109bd5-185a-4c0d-882b-5caa61400c01,160:ae9a001517d39cec11e3fca05bbfbd5d}|КзаэКалуга
{"#",17109bd5-185a-4c0d-882b-5caa61400c01,160:ae63001517d39cec11e6c778ee63540e}|Килимки
{"#",17109bd5-185a-4c0d-882b-5caa61400c01,160:ae9a001517d39cec11e3fd051ad70fad}|Кинешма
{"#",17109bd5-185a-4c0d-882b-5caa61400c01,160:ae9a001517d39cec11e3fca055aaddda}|Лысково
{"#",17109bd5-185a-4c0d-882b-5caa61400c01,160:ae9a001517d39cec11e3fd0232573fb0}|Мз№1
{"#",17109bd5-185a-4c0d-882b-5caa61400c01,160:ae9a001517d39cec11e3fca05bbfbd61}|Мзатэ
{"#",17109bd5-185a-4c0d-882b-5caa61400c01,160:ae9a001517d39cec11e3fca81e2f7ef5}|МО
{"#",17109bd5-185a-4c0d-882b-5caa61400c01,160:9298001517d39cec11e620f1c3092a46}|Морж
{"#",17109bd5-185a-4c0d-882b-5caa61400c01,160:9298001517d39cec11e627da5dd96b64}|МТ
{"#",17109bd5-185a-4c0d-882b-5caa61400c01,160:ae9a001517d39cec11e3fca05bbfbd4a}|Начало
{"#",17109bd5-185a-4c0d-882b-5caa61400c01,160:ae9a001517d39cec11e3fca8423f100c}|Неме
{"#",17109bd5-185a-4c0d-882b-5caa61400c01,160:ae9a001517d39cec11e3fca8cdc6ef28}|Омыватель
{"#",17109bd5-185a-4c0d-882b-5caa61400c01,160:ae9a001517d39cec11e3fca05bbfbd50}|Освар
{"#",17109bd5-185a-4c0d-882b-5caa61400c01,160:ae9a001517d39cec11e3fca8915591ad}|Пекар
{"#",17109bd5-185a-4c0d-882b-5caa61400c01,160:ae9a001517d39cec11e3fd052ce5ff83}|ПрАгм
{"#",17109bd5-185a-4c0d-882b-5caa61400c01,160:ae9a001517d39cec11e3fca055aadde0}|Прагма
{"#",17109bd5-185a-4c0d-882b-5caa61400c01,160:ae9a001517d39cec11e3fca055aaddde}|Прамо
{"#",17109bd5-185a-4c0d-882b-5caa61400c01,160:ae9a001517d39cec11e3fca05bbfbd4d}|РемКарб
{"#",17109bd5-185a-4c0d-882b-5caa61400c01,160:ae9a001517d39cec11e3fca055aaddb8}|С
{"#",17109bd5-185a-4c0d-882b-5caa61400c01,160:aaa10025909438d711eaf0e6d09616fb}|САН-Д
{"#",17109bd5-185a-4c0d-882b-5caa61400c01,160:ae9a001517d39cec11e3fd0147fdfb72}|Соатэ
{"#",17109bd5-185a-4c0d-882b-5caa61400c01,160:ae9a001517d39cec11e3fca055aaddd8}|СТК
{"#",17109bd5-185a-4c0d-882b-5caa61400c01,160:ae9a001517d39cec11e3fca82427c21f}|СтПроклад
{"#",17109bd5-185a-4c0d-882b-5caa61400c01,160:ae9a001517d39cec11e3fcaa0a23577d}|ТЗА
{"#",17109bd5-185a-4c0d-882b-5caa61400c01,160:ae9a001517d39cec11e3fca05bbfbd59}|ЭМаш
